{"type": "FeatureCollection", "features": [{"type": "Feature", "geometry": {"type": "MultiPolygon", "coordinates": [[[[120.8225, 33.23], [120.8225, 33.225], [120.82708333333333, 33.225], [120.82708333333333, 33.23], [120.8225, 33.23]]], [[[120.83166666666666, 33.23], [120.83166666666666, 33.225], [120.83625, 33.225], [120.83625, 33.23], [120.83166666666666, 33.23]]], [[[120.90041666666667, 33.23], [120.90041666666667, 33.225], [120.905, 33.225], [120.905, 33.23], [120.90041666666667, 33.23]]], [[[120.90041666666667, 33.22], [120.90041666666667, 33.214999999999996], [120.905, 33.214999999999996], [120.905, 33.22], [120.90041666666667, 33.22]]], [[[120.91416666666667, 33.22], [120.91416666666667, 33.214999999999996], [120.91875, 33.214999999999996], [120.91875, 33.22], [120.91416666666667, 33.22]]], [[[120.92333333333333, 33.22], [120.92333333333333, 33.214999999999996], [120.92791666666668, 33.214999999999996], [120.92791666666668, 33.22], [120.92333333333333, 33.22]]], [[[120.78583333333333, 33.214999999999996], [120.78583333333333, 33.21], [120.79041666666667, 33.21], [120.79041666666667, 33.214999999999996], [120.78583333333333, 33.214999999999996]]], [[[120.74458333333334, 33.21], [120.74458333333334, 33.205], [120.74916666666667, 33.205], [120.74916666666667, 33.21], [120.74458333333334, 33.21]]], [[[120.80416666666667, 33.21], [120.80416666666667, 33.205], [120.80875, 33.205], [120.80875, 33.21], [120.80416666666667, 33.21]]], [[[120.85458333333334, 33.21], [120.85458333333334, 33.205], [120.85916666666667, 33.205], [120.85916666666667, 33.21], [120.85458333333334, 33.21]]], [[[120.8775, 33.21], [120.8775, 33.205], [120.88208333333334, 33.205], [120.88208333333334, 33.21], [120.8775, 33.21]]], [[[120.96916666666667, 33.21], [120.96916666666667, 33.205], [120.97375, 33.205], [120.97375, 33.21], [120.96916666666667, 33.21]]], [[[120.78583333333333, 33.205], [120.78583333333333, 33.2], [120.79041666666667, 33.2], [120.79041666666667, 33.205], [120.78583333333333, 33.205]]], [[[120.89125, 33.205], [120.89125, 33.2], [120.89583333333333, 33.2], [120.89583333333333, 33.205], [120.89125, 33.205]]], [[[120.99208333333334, 33.205], [120.99208333333334, 33.2], [120.99666666666667, 33.2], [120.99666666666667, 33.205], [120.99208333333334, 33.205]]], [[[120.83166666666666, 33.205], [120.83166666666666, 33.195], [120.83625, 33.195], [120.83625, 33.205], [120.83166666666666, 33.205]]], [[[120.86375, 33.2], [120.86375, 33.195], [120.86833333333334, 33.195], [120.86833333333334, 33.2], [120.86375, 33.2]]], [[[120.90041666666667, 33.195], [120.90041666666667, 33.19], [120.905, 33.19], [120.905, 33.195], [120.90041666666667, 33.195]]], [[[120.91416666666667, 33.195], [120.91416666666667, 33.19], [120.91875, 33.19], [120.91875, 33.195], [120.91416666666667, 33.195]]], [[[121.02875, 33.195], [121.02875, 33.19], [121.03333333333333, 33.19], [121.03333333333333, 33.195], [121.02875, 33.195]]], [[[120.86833333333334, 33.19], [120.86833333333334, 33.185], [120.87291666666667, 33.185], [120.87291666666667, 33.19], [120.86833333333334, 33.19]]], [[[120.92333333333333, 33.19], [120.92333333333333, 33.185], [120.92791666666668, 33.185], [120.92791666666668, 33.19], [120.92333333333333, 33.19]]], [[[120.9875, 33.19], [120.9875, 33.185], [120.99208333333334, 33.185], [120.99208333333334, 33.19], [120.9875, 33.19]]], [[[120.75833333333334, 33.185], [120.75833333333334, 33.18], [120.76291666666667, 33.18], [120.76291666666667, 33.185], [120.75833333333334, 33.185]]], [[[120.84083333333334, 33.185], [120.84083333333334, 33.18], [120.84541666666667, 33.18], [120.84541666666667, 33.185], [120.84083333333334, 33.185]]], [[[120.89583333333333, 33.185], [120.89583333333333, 33.18], [120.90041666666667, 33.18], [120.90041666666667, 33.185], [120.89583333333333, 33.185]]], [[[120.92791666666668, 33.185], [120.92791666666668, 33.18], [120.9325, 33.18], [120.9325, 33.185], [120.92791666666668, 33.185]]], [[[121.0425, 33.185], [121.0425, 33.18], [121.04708333333333, 33.18], [121.04708333333333, 33.185], [121.0425, 33.185]]], [[[120.63916666666667, 33.18], [120.63916666666667, 33.175], [120.64375, 33.175], [120.64375, 33.18], [120.63916666666667, 33.18]]], [[[120.75375, 33.18], [120.75375, 33.175], [120.75833333333334, 33.175], [120.75833333333334, 33.18], [120.75375, 33.18]]], [[[121.03791666666667, 33.18], [121.03791666666667, 33.17], [121.0425, 33.17], [121.0425, 33.18], [121.03791666666667, 33.18]]], [[[120.68041666666667, 33.175], [120.68041666666667, 33.17], [120.685, 33.17], [120.685, 33.175], [120.68041666666667, 33.175]]], [[[120.72625000000001, 33.175], [120.72625000000001, 33.17], [120.73083333333334, 33.17], [120.73083333333334, 33.175], [120.72625000000001, 33.175]]], [[[120.85, 33.175], [120.85, 33.17], [120.85458333333334, 33.17], [120.85458333333334, 33.175], [120.85, 33.175]]], [[[120.89583333333333, 33.175], [120.89583333333333, 33.17], [120.90041666666667, 33.17], [120.90041666666667, 33.175], [120.89583333333333, 33.175]]], [[[120.93708333333333, 33.175], [120.93708333333333, 33.17], [120.94166666666666, 33.17], [120.94166666666666, 33.175], [120.93708333333333, 33.175]]], [[[120.96000000000001, 33.175], [120.96000000000001, 33.17], [120.96458333333334, 33.17], [120.96458333333334, 33.175], [120.96000000000001, 33.175]]], [[[120.97375, 33.175], [120.97375, 33.17], [120.97833333333334, 33.17], [120.97833333333334, 33.175], [120.97375, 33.175]]], [[[121.00125, 33.175], [121.00125, 33.17], [121.00583333333334, 33.17], [121.00583333333334, 33.175], [121.00125, 33.175]]], [[[120.63458333333334, 33.175], [120.63458333333334, 33.165], [120.63916666666667, 33.165], [120.63916666666667, 33.175], [120.63458333333334, 33.175]]], [[[120.67583333333333, 33.17], [120.67583333333333, 33.165], [120.68041666666667, 33.165], [120.68041666666667, 33.17], [120.67583333333333, 33.17]]], [[[120.96458333333334, 33.17], [120.96458333333334, 33.165], [120.96916666666667, 33.165], [120.96916666666667, 33.17], [120.96458333333334, 33.17]]], [[[120.67125, 33.165], [120.67125, 33.16], [120.67583333333333, 33.16], [120.67583333333333, 33.165], [120.67125, 33.165]]], [[[120.78125, 33.165], [120.78125, 33.16], [120.78583333333333, 33.16], [120.78583333333333, 33.165], [120.78125, 33.165]]], [[[120.9325, 33.165], [120.9325, 33.16], [120.93708333333333, 33.16], [120.93708333333333, 33.165], [120.9325, 33.165]]], [[[120.98291666666667, 33.165], [120.98291666666667, 33.16], [120.9875, 33.16], [120.9875, 33.165], [120.98291666666667, 33.165]]], [[[120.685, 33.165], [120.685, 33.155], [120.68958333333333, 33.155], [120.68958333333333, 33.16], [120.69416666666666, 33.16], [120.69416666666666, 33.165], [120.685, 33.165]]], [[[120.71708333333333, 33.16], [120.71708333333333, 33.155], [120.72166666666666, 33.155], [120.72166666666666, 33.16], [120.71708333333333, 33.16]]], [[[120.72625000000001, 33.16], [120.72625000000001, 33.155], [120.73083333333334, 33.155], [120.73083333333334, 33.16], [120.72625000000001, 33.16]]], [[[120.79958333333333, 33.16], [120.79958333333333, 33.155], [120.80416666666667, 33.155], [120.80416666666667, 33.16], [120.79958333333333, 33.16]]], [[[120.8225, 33.16], [120.8225, 33.155], [120.82708333333333, 33.155], [120.82708333333333, 33.16], [120.8225, 33.16]]], [[[121.05625, 33.16], [121.05625, 33.155], [121.06083333333333, 33.155], [121.06083333333333, 33.16], [121.05625, 33.16]]], [[[121.10208333333334, 33.16], [121.10208333333334, 33.155], [121.10666666666667, 33.155], [121.10666666666667, 33.16], [121.10208333333334, 33.16]]], [[[120.74, 33.155], [120.74, 33.15], [120.74458333333334, 33.15], [120.74458333333334, 33.155], [120.74, 33.155]]], [[[120.86375, 33.155], [120.86375, 33.15], [120.86833333333334, 33.15], [120.86833333333334, 33.155], [120.86375, 33.155]]], [[[120.98291666666667, 33.155], [120.98291666666667, 33.15], [120.99208333333334, 33.15], [120.99208333333334, 33.155], [120.98291666666667, 33.155]]], [[[120.74458333333334, 33.15], [120.74458333333334, 33.144999999999996], [120.74916666666667, 33.144999999999996], [120.74916666666667, 33.15], [120.74458333333334, 33.15]]], [[[120.795, 33.15], [120.795, 33.144999999999996], [120.79958333333333, 33.144999999999996], [120.79958333333333, 33.15], [120.795, 33.15]]], [[[120.80416666666667, 33.15], [120.80416666666667, 33.144999999999996], [120.80875, 33.144999999999996], [120.80875, 33.15], [120.80416666666667, 33.15]]], [[[120.82708333333333, 33.15], [120.82708333333333, 33.144999999999996], [120.83166666666666, 33.144999999999996], [120.83166666666666, 33.15], [120.82708333333333, 33.15]]], [[[120.91416666666667, 33.15], [120.91416666666667, 33.144999999999996], [120.91875, 33.144999999999996], [120.91875, 33.15], [120.91416666666667, 33.15]]], [[[121.03333333333333, 33.15], [121.03333333333333, 33.144999999999996], [121.03791666666667, 33.144999999999996], [121.03791666666667, 33.15], [121.03333333333333, 33.15]]], [[[121.12958333333334, 33.15], [121.12958333333334, 33.144999999999996], [121.13416666666667, 33.144999999999996], [121.13416666666667, 33.15], [121.12958333333334, 33.15]]], [[[120.73541666666667, 33.144999999999996], [120.73541666666667, 33.14], [120.74, 33.14], [120.74, 33.144999999999996], [120.73541666666667, 33.144999999999996]]], [[[120.78125, 33.144999999999996], [120.78125, 33.14], [120.78583333333333, 33.14], [120.78583333333333, 33.144999999999996], [120.78125, 33.144999999999996]]], [[[120.79958333333333, 33.144999999999996], [120.79958333333333, 33.14], [120.80416666666667, 33.14], [120.80416666666667, 33.144999999999996], [120.79958333333333, 33.144999999999996]]], [[[120.89125, 33.144999999999996], [120.89125, 33.14], [120.89583333333333, 33.14], [120.89583333333333, 33.144999999999996], [120.89125, 33.144999999999996]]], [[[120.95541666666666, 33.144999999999996], [120.95541666666666, 33.14], [120.96000000000001, 33.14], [120.96000000000001, 33.144999999999996], [120.95541666666666, 33.144999999999996]]], [[[120.6025, 33.14], [120.6025, 33.135], [120.60708333333334, 33.135], [120.60708333333334, 33.14], [120.6025, 33.14]]], [[[120.7675, 33.14], [120.7675, 33.135], [120.77208333333333, 33.135], [120.77208333333333, 33.14], [120.7675, 33.14]]], [[[120.78583333333333, 33.14], [120.78583333333333, 33.135], [120.79041666666667, 33.135], [120.79041666666667, 33.14], [120.78583333333333, 33.14]]], [[[120.8775, 33.14], [120.8775, 33.135], [120.88208333333334, 33.135], [120.88208333333334, 33.14], [120.8775, 33.14]]], [[[121.06541666666666, 33.14], [121.06541666666666, 33.135], [121.07000000000001, 33.135], [121.07000000000001, 33.14], [121.06541666666666, 33.14]]], [[[121.08375000000001, 33.14], [121.08375000000001, 33.135], [121.08833333333334, 33.135], [121.08833333333334, 33.14], [121.08375000000001, 33.14]]], [[[120.58416666666666, 33.135], [120.58416666666666, 33.13], [120.58875, 33.13], [120.58875, 33.135], [120.58416666666666, 33.135]]], [[[120.68041666666667, 33.135], [120.68041666666667, 33.13], [120.685, 33.13], [120.685, 33.135], [120.68041666666667, 33.135]]], [[[120.74458333333334, 33.135], [120.74458333333334, 33.13], [120.74916666666667, 33.13], [120.74916666666667, 33.135], [120.74458333333334, 33.135]]], [[[121.02416666666667, 33.135], [121.02416666666667, 33.13], [121.02875, 33.13], [121.02875, 33.135], [121.02416666666667, 33.135]]], [[[121.07000000000001, 33.135], [121.07000000000001, 33.13], [121.07458333333334, 33.13], [121.07458333333334, 33.135], [121.07000000000001, 33.135]]], [[[120.67583333333333, 33.13], [120.67583333333333, 33.125], [120.68041666666667, 33.125], [120.68041666666667, 33.13], [120.67583333333333, 33.13]]], [[[120.79041666666667, 33.13], [120.79041666666667, 33.125], [120.795, 33.125], [120.795, 33.13], [120.79041666666667, 33.13]]], [[[120.84541666666667, 33.13], [120.84541666666667, 33.125], [120.85, 33.125], [120.85, 33.13], [120.84541666666667, 33.13]]], [[[121.00583333333334, 33.13], [121.00583333333334, 33.125], [121.01041666666667, 33.125], [121.01041666666667, 33.13], [121.00583333333334, 33.13]]], [[[121.11125, 33.13], [121.11125, 33.125], [121.11583333333334, 33.125], [121.11583333333334, 33.13], [121.11125, 33.13]]], [[[120.66208333333333, 33.125], [120.66208333333333, 33.12], [120.66666666666667, 33.12], [120.66666666666667, 33.125], [120.66208333333333, 33.125]]], [[[120.74458333333334, 33.125], [120.74458333333334, 33.12], [120.74916666666667, 33.12], [120.74916666666667, 33.125], [120.74458333333334, 33.125]]], [[[120.7675, 33.125], [120.7675, 33.12], [120.77208333333333, 33.12], [120.77208333333333, 33.125], [120.7675, 33.125]]], [[[120.8225, 33.125], [120.8225, 33.12], [120.82708333333333, 33.12], [120.82708333333333, 33.125], [120.8225, 33.125]]], [[[120.53833333333333, 33.12], [120.53833333333333, 33.115], [120.54291666666667, 33.115], [120.54291666666667, 33.12], [120.53833333333333, 33.12]]], [[[120.55666666666667, 33.12], [120.55666666666667, 33.115], [120.56125, 33.115], [120.56125, 33.12], [120.55666666666667, 33.12]]], [[[120.79041666666667, 33.12], [120.79041666666667, 33.115], [120.795, 33.115], [120.795, 33.12], [120.79041666666667, 33.12]]], [[[120.86833333333334, 33.12], [120.86833333333334, 33.115], [120.87291666666667, 33.115], [120.87291666666667, 33.12], [120.86833333333334, 33.12]]], [[[121.01041666666667, 33.12], [121.01041666666667, 33.115], [121.015, 33.115], [121.015, 33.12], [121.01041666666667, 33.12]]], [[[121.12958333333334, 33.12], [121.12958333333334, 33.115], [121.13416666666667, 33.115], [121.13416666666667, 33.12], [121.12958333333334, 33.12]]], [[[120.53375, 33.115], [120.53375, 33.11], [120.53833333333333, 33.11], [120.53833333333333, 33.115], [120.53375, 33.115]]], [[[120.78125, 33.115], [120.78125, 33.11], [120.78583333333333, 33.11], [120.78583333333333, 33.115], [120.78125, 33.115]]], [[[120.95541666666666, 33.115], [120.95541666666666, 33.11], [120.96000000000001, 33.11], [120.96000000000001, 33.115], [120.95541666666666, 33.115]]], [[[121.06541666666666, 33.115], [121.06541666666666, 33.11], [121.07000000000001, 33.11], [121.07000000000001, 33.115], [121.06541666666666, 33.115]]], [[[120.56125, 33.11], [120.56125, 33.105], [120.56583333333333, 33.105], [120.56583333333333, 33.11], [120.56125, 33.11]]], [[[120.64375, 33.11], [120.64375, 33.105], [120.64833333333333, 33.105], [120.64833333333333, 33.11], [120.64375, 33.11]]], [[[121.02416666666667, 33.11], [121.02416666666667, 33.105], [121.02875, 33.105], [121.02875, 33.11], [121.02416666666667, 33.11]]], [[[120.74916666666667, 33.11], [120.74916666666667, 33.1], [120.75375, 33.1], [120.75375, 33.11], [120.74916666666667, 33.11]]], [[[120.92791666666668, 33.105], [120.92791666666668, 33.1], [120.93708333333333, 33.1], [120.93708333333333, 33.105], [120.92791666666668, 33.105]]], [[[120.98291666666667, 33.105], [120.98291666666667, 33.1], [120.9875, 33.1], [120.9875, 33.105], [120.98291666666667, 33.105]]], [[[120.56583333333333, 33.1], [120.56583333333333, 33.095], [120.57041666666666, 33.095], [120.57041666666666, 33.1], [120.56583333333333, 33.1]]], [[[120.85916666666667, 33.1], [120.85916666666667, 33.095], [120.86375, 33.095], [120.86375, 33.1], [120.85916666666667, 33.1]]], [[[120.9875, 33.1], [120.9875, 33.095], [120.99208333333334, 33.095], [120.99208333333334, 33.1], [120.9875, 33.1]]], [[[121.00583333333334, 33.1], [121.00583333333334, 33.095], [121.01041666666667, 33.095], [121.01041666666667, 33.1], [121.00583333333334, 33.1]]], [[[120.58875, 33.095], [120.58875, 33.089999999999996], [120.59333333333333, 33.089999999999996], [120.59333333333333, 33.095], [120.58875, 33.095]]], [[[120.64833333333333, 33.095], [120.64833333333333, 33.089999999999996], [120.65291666666667, 33.089999999999996], [120.65291666666667, 33.095], [120.64833333333333, 33.095]]], [[[120.66208333333333, 33.095], [120.66208333333333, 33.089999999999996], [120.66666666666667, 33.089999999999996], [120.66666666666667, 33.095], [120.66208333333333, 33.095]]], [[[120.78125, 33.095], [120.78125, 33.089999999999996], [120.78583333333333, 33.089999999999996], [120.78583333333333, 33.095], [120.78125, 33.095]]], [[[121.02416666666667, 33.095], [121.02416666666667, 33.089999999999996], [121.02875, 33.089999999999996], [121.02875, 33.095], [121.02416666666667, 33.095]]], [[[121.08833333333334, 33.095], [121.08833333333334, 33.089999999999996], [121.09291666666667, 33.089999999999996], [121.09291666666667, 33.095], [121.08833333333334, 33.095]]], [[[120.76291666666667, 33.089999999999996], [120.76291666666667, 33.085], [120.7675, 33.085], [120.7675, 33.089999999999996], [120.76291666666667, 33.089999999999996]]], [[[121.03791666666667, 33.089999999999996], [121.03791666666667, 33.085], [121.0425, 33.085], [121.0425, 33.089999999999996], [121.03791666666667, 33.089999999999996]]], [[[121.08375000000001, 33.089999999999996], [121.08375000000001, 33.085], [121.08833333333334, 33.085], [121.08833333333334, 33.089999999999996], [121.08375000000001, 33.089999999999996]]], [[[120.54291666666667, 33.085], [120.54291666666667, 33.08], [120.5475, 33.08], [120.5475, 33.085], [120.54291666666667, 33.085]]], [[[120.74, 33.085], [120.74, 33.08], [120.74458333333334, 33.08], [120.74458333333334, 33.085], [120.74, 33.085]]], [[[120.78125, 33.085], [120.78125, 33.08], [120.78583333333333, 33.08], [120.78583333333333, 33.085], [120.78125, 33.085]]], [[[121.11125, 33.085], [121.11125, 33.08], [121.11583333333334, 33.08], [121.11583333333334, 33.085], [121.11125, 33.085]]], [[[120.795, 33.085], [120.795, 33.075], [120.79958333333333, 33.075], [120.79958333333333, 33.085], [120.795, 33.085]]], [[[120.67583333333333, 33.08], [120.67583333333333, 33.075], [120.68041666666667, 33.075], [120.68041666666667, 33.08], [120.67583333333333, 33.08]]], [[[120.86375, 33.08], [120.86375, 33.075], [120.86833333333334, 33.075], [120.86833333333334, 33.08], [120.86375, 33.08]]], [[[120.53375, 33.075], [120.53375, 33.07], [120.53833333333333, 33.07], [120.53833333333333, 33.075], [120.53375, 33.075]]], [[[120.66666666666667, 33.075], [120.66666666666667, 33.07], [120.67125, 33.07], [120.67125, 33.075], [120.66666666666667, 33.075]]], [[[120.685, 33.075], [120.685, 33.07], [120.68958333333333, 33.07], [120.68958333333333, 33.075], [120.685, 33.075]]], [[[120.74916666666667, 33.075], [120.74916666666667, 33.07], [120.75375, 33.07], [120.75375, 33.075], [120.74916666666667, 33.075]]], [[[121.11125, 33.075], [121.11125, 33.07], [121.11583333333334, 33.07], [121.11583333333334, 33.075], [121.11125, 33.075]]], [[[121.15708333333333, 33.075], [121.15708333333333, 33.07], [121.16166666666668, 33.07], [121.16166666666668, 33.075], [121.15708333333333, 33.075]]], [[[120.57958333333333, 33.07], [120.57958333333333, 33.065], [120.58416666666666, 33.065], [120.58416666666666, 33.07], [120.57958333333333, 33.07]]], [[[120.62541666666667, 33.07], [120.62541666666667, 33.065], [120.63, 33.065], [120.63, 33.07], [120.62541666666667, 33.07]]], [[[120.95083333333334, 33.07], [120.95083333333334, 33.065], [120.95541666666666, 33.065], [120.95541666666666, 33.07], [120.95083333333334, 33.07]]], [[[120.98291666666667, 33.07], [120.98291666666667, 33.065], [120.9875, 33.065], [120.9875, 33.07], [120.98291666666667, 33.07]]], [[[120.6025, 33.065], [120.6025, 33.06], [120.60708333333334, 33.06], [120.60708333333334, 33.065], [120.6025, 33.065]]], [[[120.61166666666666, 33.065], [120.61166666666666, 33.06], [120.61625, 33.06], [120.61625, 33.065], [120.61166666666666, 33.065]]], [[[120.71708333333333, 33.065], [120.71708333333333, 33.06], [120.72625000000001, 33.06], [120.72625000000001, 33.065], [120.71708333333333, 33.065]]], [[[120.78125, 33.065], [120.78125, 33.06], [120.79041666666667, 33.06], [120.79041666666667, 33.065], [120.78125, 33.065]]], [[[120.87291666666667, 33.065], [120.87291666666667, 33.06], [120.8775, 33.06], [120.8775, 33.065], [120.87291666666667, 33.065]]], [[[120.89125, 33.065], [120.89125, 33.06], [120.89583333333333, 33.06], [120.89583333333333, 33.065], [120.89125, 33.065]]], [[[120.94625, 33.065], [120.94625, 33.06], [120.95083333333334, 33.06], [120.95083333333334, 33.065], [120.94625, 33.065]]], [[[121.07000000000001, 33.065], [121.07000000000001, 33.06], [121.07458333333334, 33.06], [121.07458333333334, 33.065], [121.07000000000001, 33.065]]], [[[121.0975, 33.065], [121.0975, 33.06], [121.10208333333334, 33.06], [121.10208333333334, 33.065], [121.0975, 33.065]]], [[[120.64833333333333, 33.06], [120.64833333333333, 33.055], [120.65291666666667, 33.055], [120.65291666666667, 33.06], [120.64833333333333, 33.06]]], [[[120.68041666666667, 33.06], [120.68041666666667, 33.055], [120.685, 33.055], [120.685, 33.06], [120.68041666666667, 33.06]]], [[[120.72625000000001, 33.06], [120.72625000000001, 33.055], [120.73083333333334, 33.055], [120.73083333333334, 33.06], [120.72625000000001, 33.06]]], [[[120.75375, 33.06], [120.75375, 33.055], [120.75833333333334, 33.055], [120.75833333333334, 33.06], [120.75375, 33.06]]], [[[120.85, 33.06], [120.85, 33.055], [120.85458333333334, 33.055], [120.85458333333334, 33.06], [120.85, 33.06]]], [[[120.86833333333334, 33.06], [120.86833333333334, 33.055], [120.87291666666667, 33.055], [120.87291666666667, 33.06], [120.86833333333334, 33.06]]], [[[120.8775, 33.06], [120.8775, 33.055], [120.88208333333334, 33.055], [120.88208333333334, 33.06], [120.8775, 33.06]]], [[[120.92791666666668, 33.06], [120.92791666666668, 33.055], [120.93708333333333, 33.055], [120.93708333333333, 33.06], [120.92791666666668, 33.06]]], [[[121.1525, 33.06], [121.1525, 33.055], [121.15708333333333, 33.055], [121.15708333333333, 33.06], [121.1525, 33.06]]], [[[120.54291666666667, 33.055], [120.54291666666667, 33.05], [120.5475, 33.05], [120.5475, 33.055], [120.54291666666667, 33.055]]], [[[120.65291666666667, 33.055], [120.65291666666667, 33.05], [120.6575, 33.05], [120.6575, 33.055], [120.65291666666667, 33.055]]], [[[121.01041666666667, 33.055], [121.01041666666667, 33.05], [121.015, 33.05], [121.015, 33.055], [121.01041666666667, 33.055]]], [[[121.03333333333333, 33.055], [121.03333333333333, 33.05], [121.03791666666667, 33.05], [121.03791666666667, 33.055], [121.03333333333333, 33.055]]], [[[121.07916666666667, 33.055], [121.07916666666667, 33.05], [121.08375000000001, 33.05], [121.08375000000001, 33.055], [121.07916666666667, 33.055]]], [[[121.0975, 33.055], [121.0975, 33.05], [121.10208333333334, 33.05], [121.10208333333334, 33.055], [121.0975, 33.055]]], [[[121.14791666666667, 33.055], [121.14791666666667, 33.05], [121.1525, 33.05], [121.1525, 33.055], [121.14791666666667, 33.055]]], [[[120.52, 33.05], [120.52, 33.045], [120.52458333333333, 33.045], [120.52458333333333, 33.05], [120.52, 33.05]]], [[[120.89125, 33.05], [120.89125, 33.045], [120.89583333333333, 33.045], [120.89583333333333, 33.05], [120.89125, 33.05]]], [[[121.00583333333334, 33.05], [121.00583333333334, 33.045], [121.01041666666667, 33.045], [121.01041666666667, 33.05], [121.00583333333334, 33.05]]], [[[120.51083333333334, 33.045], [120.51083333333334, 33.04], [120.51541666666667, 33.04], [120.51541666666667, 33.045], [120.51083333333334, 33.045]]], [[[120.77208333333333, 33.045], [120.77208333333333, 33.04], [120.77666666666667, 33.04], [120.77666666666667, 33.045], [120.77208333333333, 33.045]]], [[[121.14791666666667, 33.045], [121.14791666666667, 33.04], [121.1525, 33.04], [121.1525, 33.045], [121.14791666666667, 33.045]]], [[[120.56125, 33.04], [120.56125, 33.035], [120.56583333333333, 33.035], [120.56583333333333, 33.04], [120.56125, 33.04]]], [[[120.57958333333333, 33.04], [120.57958333333333, 33.035], [120.58416666666666, 33.035], [120.58416666666666, 33.04], [120.57958333333333, 33.04]]], [[[120.67125, 33.04], [120.67125, 33.035], [120.67583333333333, 33.035], [120.67583333333333, 33.04], [120.67125, 33.04]]], [[[120.73083333333334, 33.04], [120.73083333333334, 33.035], [120.73541666666667, 33.035], [120.73541666666667, 33.04], [120.73083333333334, 33.04]]], [[[120.78125, 33.04], [120.78125, 33.035], [120.78583333333333, 33.035], [120.78583333333333, 33.04], [120.78125, 33.04]]], [[[120.89125, 33.04], [120.89125, 33.035], [120.89583333333333, 33.035], [120.89583333333333, 33.04], [120.89125, 33.04]]], [[[120.50625, 33.035], [120.50625, 33.03], [120.51083333333334, 33.03], [120.51083333333334, 33.035], [120.50625, 33.035]]], [[[120.55208333333333, 33.035], [120.55208333333333, 33.03], [120.55666666666667, 33.03], [120.55666666666667, 33.035], [120.55208333333333, 33.035]]], [[[120.67583333333333, 33.035], [120.67583333333333, 33.03], [120.68041666666667, 33.03], [120.68041666666667, 33.035], [120.67583333333333, 33.035]]], [[[120.90958333333333, 33.035], [120.90958333333333, 33.03], [120.91416666666667, 33.03], [120.91416666666667, 33.035], [120.90958333333333, 33.035]]], [[[120.93708333333333, 33.035], [120.93708333333333, 33.03], [120.94166666666666, 33.03], [120.94166666666666, 33.035], [120.93708333333333, 33.035]]], [[[121.03333333333333, 33.035], [121.03333333333333, 33.03], [121.03791666666667, 33.03], [121.03791666666667, 33.035], [121.03333333333333, 33.035]]], [[[120.66208333333333, 33.03], [120.66208333333333, 33.025], [120.66666666666667, 33.025], [120.66666666666667, 33.03], [120.66208333333333, 33.03]]], [[[120.92791666666668, 33.03], [120.92791666666668, 33.025], [120.9325, 33.025], [120.9325, 33.03], [120.92791666666668, 33.03]]], [[[121.18458333333334, 33.03], [121.18458333333334, 33.025], [121.18916666666667, 33.025], [121.18916666666667, 33.03], [121.18458333333334, 33.03]]], [[[120.59791666666666, 33.025], [120.59791666666666, 33.02], [120.6025, 33.02], [120.6025, 33.025], [120.59791666666666, 33.025]]], [[[120.61625, 33.025], [120.61625, 33.02], [120.62083333333334, 33.02], [120.62083333333334, 33.025], [120.61625, 33.025]]], [[[120.67125, 33.025], [120.67125, 33.02], [120.67583333333333, 33.02], [120.67583333333333, 33.025], [120.67125, 33.025]]], [[[120.81791666666666, 33.025], [120.81791666666666, 33.02], [120.8225, 33.02], [120.8225, 33.025], [120.81791666666666, 33.025]]], [[[120.96458333333334, 33.025], [120.96458333333334, 33.02], [120.96916666666667, 33.02], [120.96916666666667, 33.025], [120.96458333333334, 33.025]]], [[[121.01041666666667, 33.025], [121.01041666666667, 33.02], [121.015, 33.02], [121.015, 33.025], [121.01041666666667, 33.025]]], [[[121.08375000000001, 33.025], [121.08375000000001, 33.02], [121.08833333333334, 33.02], [121.08833333333334, 33.025], [121.08375000000001, 33.025]]], [[[120.74916666666667, 33.02], [120.74916666666667, 33.015], [120.75375, 33.015], [120.75375, 33.02], [120.74916666666667, 33.02]]], [[[120.83166666666666, 33.02], [120.83166666666666, 33.015], [120.83625, 33.015], [120.83625, 33.02], [120.83166666666666, 33.02]]], [[[120.96000000000001, 33.02], [120.96000000000001, 33.015], [120.96458333333334, 33.015], [120.96458333333334, 33.02], [120.96000000000001, 33.02]]], [[[121.0975, 33.02], [121.0975, 33.015], [121.10208333333334, 33.015], [121.10208333333334, 33.02], [121.0975, 33.02]]], [[[121.19375000000001, 33.02], [121.19375000000001, 33.015], [121.19833333333334, 33.015], [121.19833333333334, 33.02], [121.19375000000001, 33.02]]], [[[120.91875, 33.015], [120.91875, 33.01], [120.92333333333333, 33.01], [120.92333333333333, 33.015], [120.91875, 33.015]]], [[[120.93708333333333, 33.015], [120.93708333333333, 33.01], [120.94166666666666, 33.01], [120.94166666666666, 33.015], [120.93708333333333, 33.015]]], [[[121.18916666666667, 33.015], [121.18916666666667, 33.005], [121.19375000000001, 33.005], [121.19375000000001, 33.015], [121.18916666666667, 33.015]]], [[[120.72166666666666, 33.01], [120.72166666666666, 33.005], [120.72625000000001, 33.005], [120.72625000000001, 33.01], [120.72166666666666, 33.01]]], [[[120.73541666666667, 33.01], [120.73541666666667, 33.005], [120.74, 33.005], [120.74, 33.01], [120.73541666666667, 33.01]]], [[[120.81791666666666, 33.01], [120.81791666666666, 33.005], [120.8225, 33.005], [120.8225, 33.01], [120.81791666666666, 33.01]]], [[[120.83166666666666, 33.01], [120.83166666666666, 33.005], [120.83625, 33.005], [120.83625, 33.01], [120.83166666666666, 33.01]]], [[[121.1525, 33.005], [121.1525, 33.0], [121.15708333333333, 33.0], [121.15708333333333, 33.005], [121.1525, 33.005]]], [[[120.59791666666666, 33.005], [120.59791666666666, 32.995], [120.6025, 32.995], [120.6025, 33.005], [120.59791666666666, 33.005]]], [[[120.68958333333333, 33.0], [120.68958333333333, 32.995], [120.69416666666666, 32.995], [120.69416666666666, 33.0], [120.68958333333333, 33.0]]], [[[120.72166666666666, 33.0], [120.72166666666666, 32.995], [120.72625000000001, 32.995], [120.72625000000001, 33.0], [120.72166666666666, 33.0]]], [[[120.81333333333333, 33.0], [120.81333333333333, 32.995], [120.81791666666666, 32.995], [120.81791666666666, 33.0], [120.81333333333333, 33.0]]], [[[121.00125, 33.0], [121.00125, 32.995], [121.00583333333334, 32.995], [121.00583333333334, 33.0], [121.00125, 33.0]]], [[[121.0975, 33.0], [121.0975, 32.995], [121.10208333333334, 32.995], [121.10208333333334, 33.0], [121.0975, 33.0]]], [[[121.15708333333333, 33.0], [121.15708333333333, 32.995], [121.16166666666668, 32.995], [121.16166666666668, 33.0], [121.15708333333333, 33.0]]], [[[121.16625, 33.0], [121.16625, 32.995], [121.17083333333333, 32.995], [121.17083333333333, 33.0], [121.16625, 33.0]]], [[[120.51541666666667, 32.995], [120.51541666666667, 32.99], [120.52, 32.99], [120.52, 32.995], [120.51541666666667, 32.995]]], [[[120.63916666666667, 32.995], [120.63916666666667, 32.99], [120.64375, 32.99], [120.64375, 32.995], [120.63916666666667, 32.995]]], [[[120.86833333333334, 32.995], [120.86833333333334, 32.99], [120.87291666666667, 32.99], [120.87291666666667, 32.995], [120.86833333333334, 32.995]]], [[[120.91416666666667, 32.995], [120.91416666666667, 32.99], [120.91875, 32.99], [120.91875, 32.995], [120.91416666666667, 32.995]]], [[[120.92333333333333, 32.995], [120.92333333333333, 32.99], [120.92791666666668, 32.99], [120.92791666666668, 32.995], [120.92333333333333, 32.995]]], [[[120.97833333333334, 32.995], [120.97833333333334, 32.99], [120.98291666666667, 32.99], [120.98291666666667, 32.995], [120.97833333333334, 32.995]]], [[[121.09291666666667, 32.995], [121.09291666666667, 32.99], [121.0975, 32.99], [121.0975, 32.995], [121.09291666666667, 32.995]]], [[[120.57958333333333, 32.99], [120.57958333333333, 32.985], [120.58416666666666, 32.985], [120.58416666666666, 32.99], [120.57958333333333, 32.99]]], [[[120.67125, 32.99], [120.67125, 32.985], [120.67583333333333, 32.985], [120.67583333333333, 32.99], [120.67125, 32.99]]], [[[120.73541666666667, 32.99], [120.73541666666667, 32.985], [120.74, 32.985], [120.74, 32.99], [120.73541666666667, 32.99]]], [[[120.75833333333334, 32.99], [120.75833333333334, 32.985], [120.76291666666667, 32.985], [120.76291666666667, 32.99], [120.75833333333334, 32.99]]], [[[120.80416666666667, 32.99], [120.80416666666667, 32.985], [120.80875, 32.985], [120.80875, 32.99], [120.80416666666667, 32.99]]], [[[120.95083333333334, 32.99], [120.95083333333334, 32.985], [120.95541666666666, 32.985], [120.95541666666666, 32.99], [120.95083333333334, 32.99]]], [[[121.20750000000001, 32.99], [121.20750000000001, 32.985], [121.21208333333334, 32.985], [121.21208333333334, 32.99], [121.20750000000001, 32.99]]], [[[120.5475, 32.985], [120.5475, 32.98], [120.55208333333333, 32.98], [120.55208333333333, 32.985], [120.5475, 32.985]]], [[[120.58875, 32.985], [120.58875, 32.98], [120.59333333333333, 32.98], [120.59333333333333, 32.985], [120.58875, 32.985]]], [[[120.66208333333333, 32.985], [120.66208333333333, 32.98], [120.66666666666667, 32.98], [120.66666666666667, 32.985], [120.66208333333333, 32.985]]], [[[120.82708333333333, 32.985], [120.82708333333333, 32.98], [120.83166666666666, 32.98], [120.83166666666666, 32.985], [120.82708333333333, 32.985]]], [[[120.89125, 32.985], [120.89125, 32.98], [120.90041666666667, 32.98], [120.90041666666667, 32.985], [120.89125, 32.985]]], [[[121.06083333333333, 32.985], [121.06083333333333, 32.98], [121.06541666666666, 32.98], [121.06541666666666, 32.985], [121.06083333333333, 32.985]]], [[[121.09291666666667, 32.985], [121.09291666666667, 32.98], [121.0975, 32.98], [121.0975, 32.985], [121.09291666666667, 32.985]]], [[[121.19375000000001, 32.985], [121.19375000000001, 32.98], [121.20291666666667, 32.98], [121.20291666666667, 32.985], [121.19375000000001, 32.985]]], [[[120.7675, 32.98], [120.7675, 32.975], [120.77208333333333, 32.975], [120.77208333333333, 32.98], [120.7675, 32.98]]], [[[120.79958333333333, 32.98], [120.79958333333333, 32.975], [120.80875, 32.975], [120.80875, 32.98], [120.79958333333333, 32.98]]], [[[120.83625, 32.98], [120.83625, 32.975], [120.84083333333334, 32.975], [120.84083333333334, 32.98], [120.83625, 32.98]]], [[[120.85458333333334, 32.98], [120.85458333333334, 32.975], [120.85916666666667, 32.975], [120.85916666666667, 32.98], [120.85458333333334, 32.98]]], [[[120.98291666666667, 32.98], [120.98291666666667, 32.975], [120.9875, 32.975], [120.9875, 32.98], [120.98291666666667, 32.98]]], [[[121.04708333333333, 32.98], [121.04708333333333, 32.975], [121.05166666666668, 32.975], [121.05166666666668, 32.98], [121.04708333333333, 32.98]]], [[[121.13416666666667, 32.98], [121.13416666666667, 32.975], [121.13875, 32.975], [121.13875, 32.98], [121.13416666666667, 32.98]]], [[[120.6025, 32.975], [120.6025, 32.97], [120.60708333333334, 32.97], [120.60708333333334, 32.975], [120.6025, 32.975]]], [[[120.96000000000001, 32.975], [120.96000000000001, 32.97], [120.96458333333334, 32.97], [120.96458333333334, 32.975], [120.96000000000001, 32.975]]], [[[121.0975, 32.975], [121.0975, 32.97], [121.10208333333334, 32.97], [121.10208333333334, 32.975], [121.0975, 32.975]]], [[[121.12958333333334, 32.975], [121.12958333333334, 32.97], [121.13416666666667, 32.97], [121.13416666666667, 32.975], [121.12958333333334, 32.975]]], [[[120.5475, 32.97], [120.5475, 32.965], [120.55208333333333, 32.965], [120.55208333333333, 32.97], [120.5475, 32.97]]], [[[120.63, 32.97], [120.63, 32.965], [120.63458333333334, 32.965], [120.63458333333334, 32.97], [120.63, 32.97]]], [[[120.66208333333333, 32.97], [120.66208333333333, 32.965], [120.66666666666667, 32.965], [120.66666666666667, 32.97], [120.66208333333333, 32.97]]], [[[120.73541666666667, 32.97], [120.73541666666667, 32.965], [120.74, 32.965], [120.74, 32.97], [120.73541666666667, 32.97]]], [[[121.07916666666667, 32.97], [121.07916666666667, 32.965], [121.08375000000001, 32.965], [121.08375000000001, 32.97], [121.07916666666667, 32.97]]], [[[121.13416666666667, 32.97], [121.13416666666667, 32.965], [121.14333333333333, 32.965], [121.14333333333333, 32.97], [121.13416666666667, 32.97]]], [[[120.64833333333333, 32.965], [120.64833333333333, 32.96], [120.65291666666667, 32.96], [120.65291666666667, 32.965], [120.64833333333333, 32.965]]], [[[120.90958333333333, 32.965], [120.90958333333333, 32.96], [120.91416666666667, 32.96], [120.91416666666667, 32.965], [120.90958333333333, 32.965]]], [[[120.53375, 32.96], [120.53375, 32.955], [120.53833333333333, 32.955], [120.53833333333333, 32.96], [120.53375, 32.96]]], [[[120.70333333333333, 32.96], [120.70333333333333, 32.955], [120.70791666666666, 32.955], [120.70791666666666, 32.96], [120.70333333333333, 32.96]]], [[[121.01041666666667, 32.96], [121.01041666666667, 32.955], [121.015, 32.955], [121.015, 32.96], [121.01041666666667, 32.96]]], [[[121.07000000000001, 32.96], [121.07000000000001, 32.955], [121.07458333333334, 32.955], [121.07458333333334, 32.96], [121.07000000000001, 32.96]]], [[[121.12958333333334, 32.96], [121.12958333333334, 32.955], [121.13416666666667, 32.955], [121.13416666666667, 32.96], [121.12958333333334, 32.96]]], [[[120.56583333333333, 32.955], [120.56583333333333, 32.95], [120.57041666666666, 32.95], [120.57041666666666, 32.955], [120.56583333333333, 32.955]]], [[[120.96458333333334, 32.955], [120.96458333333334, 32.95], [120.97375, 32.95], [120.97375, 32.955], [120.96458333333334, 32.955]]], [[[121.01958333333333, 32.955], [121.01958333333333, 32.95], [121.02416666666667, 32.95], [121.02416666666667, 32.955], [121.01958333333333, 32.955]]], [[[121.03791666666667, 32.955], [121.03791666666667, 32.95], [121.0425, 32.95], [121.0425, 32.955], [121.03791666666667, 32.955]]], [[[121.05625, 32.955], [121.05625, 32.95], [121.06083333333333, 32.95], [121.06083333333333, 32.955], [121.05625, 32.955]]], [[[121.0975, 32.955], [121.0975, 32.95], [121.10208333333334, 32.95], [121.10208333333334, 32.955], [121.0975, 32.955]]], [[[120.63458333333334, 32.95], [120.63458333333334, 32.945], [120.63916666666667, 32.945], [120.63916666666667, 32.95], [120.63458333333334, 32.95]]], [[[120.67125, 32.95], [120.67125, 32.945], [120.67583333333333, 32.945], [120.67583333333333, 32.95], [120.67125, 32.95]]], [[[120.72625000000001, 32.95], [120.72625000000001, 32.945], [120.73083333333334, 32.945], [120.73083333333334, 32.95], [120.72625000000001, 32.95]]], [[[121.10666666666667, 32.95], [121.10666666666667, 32.945], [121.11125, 32.945], [121.11125, 32.95], [121.10666666666667, 32.95]]], [[[121.18, 32.95], [121.18, 32.945], [121.18458333333334, 32.945], [121.18458333333334, 32.95], [121.18, 32.95]]], [[[121.18916666666667, 32.95], [121.18916666666667, 32.945], [121.19375000000001, 32.945], [121.19375000000001, 32.95], [121.18916666666667, 32.95]]], [[[120.59791666666666, 32.945], [120.59791666666666, 32.94], [120.6025, 32.94], [120.6025, 32.945], [120.59791666666666, 32.945]]], [[[120.74916666666667, 32.945], [120.74916666666667, 32.94], [120.75375, 32.94], [120.75375, 32.945], [120.74916666666667, 32.945]]], [[[120.95083333333334, 32.945], [120.95083333333334, 32.94], [120.95541666666666, 32.94], [120.95541666666666, 32.945], [120.95083333333334, 32.945]]], [[[121.03333333333333, 32.945], [121.03333333333333, 32.94], [121.0425, 32.94], [121.0425, 32.945], [121.03333333333333, 32.945]]], [[[120.79958333333333, 32.945], [120.79958333333333, 32.94], [120.80416666666667, 32.94], [120.80416666666667, 32.935], [120.80875, 32.935], [120.80875, 32.945], [120.79958333333333, 32.945]]], [[[120.50166666666667, 32.94], [120.50166666666667, 32.935], [120.50625, 32.935], [120.50625, 32.94], [120.50166666666667, 32.94]]], [[[120.53833333333333, 32.94], [120.53833333333333, 32.935], [120.54291666666667, 32.935], [120.54291666666667, 32.94], [120.53833333333333, 32.94]]], [[[120.68041666666667, 32.94], [120.68041666666667, 32.935], [120.685, 32.935], [120.685, 32.94], [120.68041666666667, 32.94]]], [[[120.795, 32.94], [120.795, 32.935], [120.79958333333333, 32.935], [120.79958333333333, 32.94], [120.795, 32.94]]], [[[120.88666666666667, 32.94], [120.88666666666667, 32.935], [120.89125, 32.935], [120.89125, 32.94], [120.88666666666667, 32.94]]], [[[120.95541666666666, 32.94], [120.95541666666666, 32.935], [120.96000000000001, 32.935], [120.96000000000001, 32.94], [120.95541666666666, 32.94]]], [[[121.07916666666667, 32.94], [121.07916666666667, 32.935], [121.08375000000001, 32.935], [121.08375000000001, 32.94], [121.07916666666667, 32.94]]], [[[121.19375000000001, 32.94], [121.19375000000001, 32.935], [121.19833333333334, 32.935], [121.19833333333334, 32.94], [121.19375000000001, 32.94]]], [[[120.74458333333334, 32.935], [120.74458333333334, 32.93], [120.74916666666667, 32.93], [120.74916666666667, 32.935], [120.74458333333334, 32.935]]], [[[120.84083333333334, 32.935], [120.84083333333334, 32.93], [120.84541666666667, 32.93], [120.84541666666667, 32.935], [120.84083333333334, 32.935]]], [[[120.87291666666667, 32.935], [120.87291666666667, 32.93], [120.8775, 32.93], [120.8775, 32.935], [120.87291666666667, 32.935]]], [[[120.91416666666667, 32.935], [120.91416666666667, 32.93], [120.91875, 32.93], [120.91875, 32.935], [120.91416666666667, 32.935]]], [[[121.09291666666667, 32.935], [121.09291666666667, 32.93], [121.0975, 32.93], [121.0975, 32.935], [121.09291666666667, 32.935]]], [[[120.62541666666667, 32.93], [120.62541666666667, 32.925], [120.63, 32.925], [120.63, 32.93], [120.62541666666667, 32.93]]], [[[120.63916666666667, 32.93], [120.63916666666667, 32.925], [120.64375, 32.925], [120.64375, 32.93], [120.63916666666667, 32.93]]], [[[120.95541666666666, 32.93], [120.95541666666666, 32.925], [120.96000000000001, 32.925], [120.96000000000001, 32.93], [120.95541666666666, 32.93]]], [[[120.9875, 32.93], [120.9875, 32.925], [120.99208333333334, 32.925], [120.99208333333334, 32.93], [120.9875, 32.93]]], [[[121.0425, 32.93], [121.0425, 32.925], [121.04708333333333, 32.925], [121.04708333333333, 32.93], [121.0425, 32.93]]], [[[121.07916666666667, 32.93], [121.07916666666667, 32.925], [121.08375000000001, 32.925], [121.08375000000001, 32.93], [121.07916666666667, 32.93]]], [[[121.08833333333334, 32.93], [121.08833333333334, 32.925], [121.09291666666667, 32.925], [121.09291666666667, 32.93], [121.08833333333334, 32.93]]], [[[121.12041666666667, 32.93], [121.12041666666667, 32.925], [121.125, 32.925], [121.125, 32.93], [121.12041666666667, 32.93]]], [[[121.15708333333333, 32.93], [121.15708333333333, 32.925], [121.16166666666668, 32.925], [121.16166666666668, 32.93], [121.15708333333333, 32.93]]], [[[120.57041666666666, 32.925], [120.57041666666666, 32.92], [120.575, 32.92], [120.575, 32.925], [120.57041666666666, 32.925]]], [[[120.75375, 32.925], [120.75375, 32.92], [120.75833333333334, 32.92], [120.75833333333334, 32.925], [120.75375, 32.925]]], [[[120.85916666666667, 32.925], [120.85916666666667, 32.92], [120.86375, 32.92], [120.86375, 32.925], [120.85916666666667, 32.925]]], [[[120.97375, 32.925], [120.97375, 32.92], [120.97833333333334, 32.92], [120.97833333333334, 32.925], [120.97375, 32.925]]], [[[121.0975, 32.925], [121.0975, 32.92], [121.10208333333334, 32.92], [121.10208333333334, 32.925], [121.0975, 32.925]]], [[[120.68041666666667, 32.92], [120.68041666666667, 32.915], [120.685, 32.915], [120.685, 32.92], [120.68041666666667, 32.92]]], [[[120.72166666666666, 32.92], [120.72166666666666, 32.915], [120.72625000000001, 32.915], [120.72625000000001, 32.92], [120.72166666666666, 32.92]]], [[[120.89583333333333, 32.92], [120.89583333333333, 32.915], [120.90041666666667, 32.915], [120.90041666666667, 32.92], [120.89583333333333, 32.92]]], [[[120.97833333333334, 32.92], [120.97833333333334, 32.915], [120.98291666666667, 32.915], [120.98291666666667, 32.92], [120.97833333333334, 32.92]]], [[[121.1525, 32.92], [121.1525, 32.915], [121.15708333333333, 32.915], [121.15708333333333, 32.92], [121.1525, 32.92]]], [[[121.17083333333333, 32.92], [121.17083333333333, 32.915], [121.17541666666668, 32.915], [121.17541666666668, 32.92], [121.17083333333333, 32.92]]], [[[120.96000000000001, 32.92], [120.96000000000001, 32.910000000000004], [120.96458333333334, 32.910000000000004], [120.96458333333334, 32.92], [120.96000000000001, 32.92]]], [[[120.54291666666667, 32.915], [120.54291666666667, 32.910000000000004], [120.5475, 32.910000000000004], [120.5475, 32.915], [120.54291666666667, 32.915]]], [[[120.575, 32.915], [120.575, 32.910000000000004], [120.57958333333333, 32.910000000000004], [120.57958333333333, 32.915], [120.575, 32.915]]], [[[120.84541666666667, 32.915], [120.84541666666667, 32.910000000000004], [120.85, 32.910000000000004], [120.85, 32.915], [120.84541666666667, 32.915]]], [[[120.89125, 32.915], [120.89125, 32.910000000000004], [120.89583333333333, 32.910000000000004], [120.89583333333333, 32.915], [120.89125, 32.915]]], [[[120.9875, 32.915], [120.9875, 32.910000000000004], [120.99208333333334, 32.910000000000004], [120.99208333333334, 32.915], [120.9875, 32.915]]], [[[121.13416666666667, 32.915], [121.13416666666667, 32.910000000000004], [121.13875, 32.910000000000004], [121.13875, 32.915], [121.13416666666667, 32.915]]], [[[120.67125, 32.915], [120.67125, 32.905], [120.67583333333333, 32.905], [120.67583333333333, 32.915], [120.67125, 32.915]]], [[[120.62541666666667, 32.910000000000004], [120.62541666666667, 32.905], [120.63, 32.905], [120.63, 32.910000000000004], [120.62541666666667, 32.910000000000004]]], [[[120.75375, 32.910000000000004], [120.75375, 32.905], [120.75833333333334, 32.905], [120.75833333333334, 32.910000000000004], [120.75375, 32.910000000000004]]], [[[120.795, 32.910000000000004], [120.795, 32.905], [120.79958333333333, 32.905], [120.79958333333333, 32.910000000000004], [120.795, 32.910000000000004]]], [[[120.95083333333334, 32.910000000000004], [120.95083333333334, 32.905], [120.95541666666666, 32.905], [120.95541666666666, 32.910000000000004], [120.95083333333334, 32.910000000000004]]], [[[120.5475, 32.905], [120.5475, 32.9], [120.55208333333333, 32.9], [120.55208333333333, 32.905], [120.5475, 32.905]]], [[[120.85, 32.905], [120.85, 32.9], [120.85458333333334, 32.9], [120.85458333333334, 32.905], [120.85, 32.905]]], [[[120.72625000000001, 32.9], [120.72625000000001, 32.895], [120.73083333333334, 32.895], [120.73083333333334, 32.9], [120.72625000000001, 32.9]]], [[[120.88208333333334, 32.9], [120.88208333333334, 32.895], [120.88666666666667, 32.895], [120.88666666666667, 32.9], [120.88208333333334, 32.9]]], [[[120.92333333333333, 32.9], [120.92333333333333, 32.895], [120.92791666666668, 32.895], [120.92791666666668, 32.9], [120.92333333333333, 32.9]]], [[[121.11583333333334, 32.9], [121.11583333333334, 32.895], [121.12041666666667, 32.895], [121.12041666666667, 32.9], [121.11583333333334, 32.9]]], [[[120.575, 32.895], [120.575, 32.89], [120.57958333333333, 32.89], [120.57958333333333, 32.895], [120.575, 32.895]]], [[[120.73541666666667, 32.895], [120.73541666666667, 32.89], [120.74, 32.89], [120.74, 32.895], [120.73541666666667, 32.895]]], [[[120.74916666666667, 32.895], [120.74916666666667, 32.89], [120.75375, 32.89], [120.75375, 32.895], [120.74916666666667, 32.895]]], [[[120.85916666666667, 32.895], [120.85916666666667, 32.89], [120.86375, 32.89], [120.86375, 32.895], [120.85916666666667, 32.895]]], [[[120.90958333333333, 32.895], [120.90958333333333, 32.89], [120.91416666666667, 32.89], [120.91416666666667, 32.895], [120.90958333333333, 32.895]]], [[[121.05166666666668, 32.895], [121.05166666666668, 32.89], [121.05625, 32.89], [121.05625, 32.895], [121.05166666666668, 32.895]]], [[[120.63916666666667, 32.89], [120.63916666666667, 32.885], [120.64375, 32.885], [120.64375, 32.89], [120.63916666666667, 32.89]]], [[[121.06083333333333, 32.89], [121.06083333333333, 32.885], [121.06541666666666, 32.885], [121.06541666666666, 32.89], [121.06083333333333, 32.89]]], [[[120.685, 32.89], [120.685, 32.88], [120.68958333333333, 32.88], [120.68958333333333, 32.885], [120.69416666666666, 32.885], [120.69416666666666, 32.89], [120.685, 32.89]]], [[[120.95541666666666, 32.885], [120.95541666666666, 32.88], [120.96000000000001, 32.88], [120.96000000000001, 32.885], [120.95541666666666, 32.885]]], [[[121.00125, 32.885], [121.00125, 32.88], [121.00583333333334, 32.88], [121.00583333333334, 32.885], [121.00125, 32.885]]], [[[121.11583333333334, 32.885], [121.11583333333334, 32.88], [121.12041666666667, 32.88], [121.12041666666667, 32.885], [121.11583333333334, 32.885]]], [[[120.53833333333333, 32.88], [120.53833333333333, 32.875], [120.54291666666667, 32.875], [120.54291666666667, 32.88], [120.53833333333333, 32.88]]], [[[120.68041666666667, 32.88], [120.68041666666667, 32.875], [120.685, 32.875], [120.685, 32.88], [120.68041666666667, 32.88]]], [[[120.72625000000001, 32.88], [120.72625000000001, 32.875], [120.73083333333334, 32.875], [120.73083333333334, 32.88], [120.72625000000001, 32.88]]], [[[120.76291666666667, 32.88], [120.76291666666667, 32.875], [120.7675, 32.875], [120.7675, 32.88], [120.76291666666667, 32.88]]], [[[120.8225, 32.88], [120.8225, 32.875], [120.82708333333333, 32.875], [120.82708333333333, 32.88], [120.8225, 32.88]]], [[[120.5475, 32.875], [120.5475, 32.87], [120.55208333333333, 32.87], [120.55208333333333, 32.875], [120.5475, 32.875]]], [[[120.64833333333333, 32.875], [120.64833333333333, 32.87], [120.65291666666667, 32.87], [120.65291666666667, 32.875], [120.64833333333333, 32.875]]], [[[120.71708333333333, 32.875], [120.71708333333333, 32.87], [120.72166666666666, 32.87], [120.72166666666666, 32.875], [120.71708333333333, 32.875]]], [[[120.73541666666667, 32.875], [120.73541666666667, 32.87], [120.74, 32.87], [120.74, 32.875], [120.73541666666667, 32.875]]], [[[120.87291666666667, 32.875], [120.87291666666667, 32.87], [120.8775, 32.87], [120.8775, 32.875], [120.87291666666667, 32.875]]], [[[120.95541666666666, 32.875], [120.95541666666666, 32.87], [120.96000000000001, 32.87], [120.96000000000001, 32.875], [120.95541666666666, 32.875]]], [[[120.97375, 32.875], [120.97375, 32.87], [120.97833333333334, 32.87], [120.97833333333334, 32.875], [120.97375, 32.875]]], [[[121.04708333333333, 32.875], [121.04708333333333, 32.87], [121.05166666666668, 32.87], [121.05166666666668, 32.875], [121.04708333333333, 32.875]]], [[[120.61625, 32.87], [120.61625, 32.865], [120.62083333333334, 32.865], [120.62083333333334, 32.87], [120.61625, 32.87]]], [[[120.7125, 32.87], [120.7125, 32.865], [120.71708333333333, 32.865], [120.71708333333333, 32.87], [120.7125, 32.87]]], [[[120.75375, 32.87], [120.75375, 32.865], [120.75833333333334, 32.865], [120.75833333333334, 32.87], [120.75375, 32.87]]], [[[120.76291666666667, 32.87], [120.76291666666667, 32.865], [120.7675, 32.865], [120.7675, 32.87], [120.76291666666667, 32.87]]], [[[120.78583333333333, 32.87], [120.78583333333333, 32.865], [120.79041666666667, 32.865], [120.79041666666667, 32.87], [120.78583333333333, 32.87]]], [[[120.84083333333334, 32.87], [120.84083333333334, 32.865], [120.84541666666667, 32.865], [120.84541666666667, 32.87], [120.84083333333334, 32.87]]], [[[120.85, 32.87], [120.85, 32.865], [120.85458333333334, 32.865], [120.85458333333334, 32.87], [120.85, 32.87]]], [[[120.96000000000001, 32.87], [120.96000000000001, 32.865], [120.96458333333334, 32.865], [120.96458333333334, 32.87], [120.96000000000001, 32.87]]], [[[121.05166666666668, 32.87], [121.05166666666668, 32.865], [121.05625, 32.865], [121.05625, 32.87], [121.05166666666668, 32.87]]], [[[120.85458333333334, 32.865], [120.85458333333334, 32.86], [120.85916666666667, 32.86], [120.85916666666667, 32.865], [120.85458333333334, 32.865]]], [[[120.92333333333333, 32.865], [120.92333333333333, 32.86], [120.92791666666668, 32.86], [120.92791666666668, 32.865], [120.92333333333333, 32.865]]], [[[120.94166666666666, 32.865], [120.94166666666666, 32.86], [120.94625, 32.86], [120.94625, 32.865], [120.94166666666666, 32.865]]], [[[121.01958333333333, 32.865], [121.01958333333333, 32.86], [121.02416666666667, 32.86], [121.02416666666667, 32.865], [121.01958333333333, 32.865]]], [[[121.0425, 32.865], [121.0425, 32.86], [121.04708333333333, 32.86], [121.04708333333333, 32.865], [121.0425, 32.865]]], [[[120.81333333333333, 32.865], [120.81333333333333, 32.855000000000004], [120.81791666666666, 32.855000000000004], [120.81791666666666, 32.865], [120.81333333333333, 32.865]]], [[[120.68041666666667, 32.86], [120.68041666666667, 32.855000000000004], [120.685, 32.855000000000004], [120.685, 32.86], [120.68041666666667, 32.86]]], [[[120.69416666666666, 32.86], [120.69416666666666, 32.855000000000004], [120.69875, 32.855000000000004], [120.69875, 32.86], [120.69416666666666, 32.86]]], [[[120.72625000000001, 32.86], [120.72625000000001, 32.855000000000004], [120.73083333333334, 32.855000000000004], [120.73083333333334, 32.86], [120.72625000000001, 32.86]]], [[[120.94166666666666, 32.855000000000004], [120.94166666666666, 32.85], [120.94625, 32.85], [120.94625, 32.855000000000004], [120.94166666666666, 32.855000000000004]]], [[[121.01041666666667, 32.855000000000004], [121.01041666666667, 32.85], [121.015, 32.85], [121.015, 32.855000000000004], [121.01041666666667, 32.855000000000004]]], [[[120.99666666666667, 32.85], [120.99666666666667, 32.845], [121.00125, 32.845], [121.00125, 32.85], [120.99666666666667, 32.85]]], [[[120.63916666666667, 32.845], [120.63916666666667, 32.84], [120.64375, 32.84], [120.64375, 32.845], [120.63916666666667, 32.845]]], [[[120.86833333333334, 32.845], [120.86833333333334, 32.84], [120.87291666666667, 32.84], [120.87291666666667, 32.845], [120.86833333333334, 32.845]]], [[[120.79958333333333, 32.84], [120.79958333333333, 32.835], [120.80416666666667, 32.835], [120.80416666666667, 32.84], [120.79958333333333, 32.84]]], [[[120.85458333333334, 32.84], [120.85458333333334, 32.835], [120.85916666666667, 32.835], [120.85916666666667, 32.84], [120.85458333333334, 32.84]]], [[[120.90958333333333, 32.84], [120.90958333333333, 32.835], [120.91416666666667, 32.835], [120.91416666666667, 32.84], [120.90958333333333, 32.84]]], [[[120.81333333333333, 32.835], [120.81333333333333, 32.83], [120.81791666666666, 32.83], [120.81791666666666, 32.835], [120.81333333333333, 32.835]]], [[[120.88666666666667, 32.835], [120.88666666666667, 32.83], [120.89125, 32.83], [120.89125, 32.835], [120.88666666666667, 32.835]]], [[[120.95541666666666, 32.835], [120.95541666666666, 32.83], [120.96000000000001, 32.83], [120.96000000000001, 32.835], [120.95541666666666, 32.835]]], [[[121.05166666666668, 32.835], [121.05166666666668, 32.83], [121.05625, 32.83], [121.05625, 32.835], [121.05166666666668, 32.835]]], [[[121.06541666666666, 32.835], [121.06541666666666, 32.83], [121.07000000000001, 32.83], [121.07000000000001, 32.835], [121.06541666666666, 32.835]]], [[[121.10666666666667, 32.835], [121.10666666666667, 32.83], [121.11125, 32.83], [121.11125, 32.835], [121.10666666666667, 32.835]]], [[[120.75375, 32.83], [120.75375, 32.825], [120.75833333333334, 32.825], [120.75833333333334, 32.83], [120.75375, 32.83]]], [[[120.80875, 32.83], [120.80875, 32.825], [120.81333333333333, 32.825], [120.81333333333333, 32.83], [120.80875, 32.83]]], [[[120.86375, 32.83], [120.86375, 32.825], [120.86833333333334, 32.825], [120.86833333333334, 32.83], [120.86375, 32.83]]], [[[120.62083333333334, 32.825], [120.62083333333334, 32.82], [120.62541666666667, 32.82], [120.62541666666667, 32.825], [120.62083333333334, 32.825]]], [[[120.73541666666667, 32.825], [120.73541666666667, 32.82], [120.74, 32.82], [120.74, 32.825], [120.73541666666667, 32.825]]], [[[120.75833333333334, 32.825], [120.75833333333334, 32.82], [120.76291666666667, 32.82], [120.76291666666667, 32.825], [120.75833333333334, 32.825]]], [[[121.00125, 32.825], [121.00125, 32.82], [121.00583333333334, 32.82], [121.00583333333334, 32.825], [121.00125, 32.825]]], [[[120.63, 32.82], [120.63, 32.815], [120.63458333333334, 32.815], [120.63458333333334, 32.82], [120.63, 32.82]]], [[[120.67125, 32.82], [120.67125, 32.815], [120.67583333333333, 32.815], [120.67583333333333, 32.82], [120.67125, 32.82]]], [[[120.74916666666667, 32.82], [120.74916666666667, 32.815], [120.75375, 32.815], [120.75375, 32.82], [120.74916666666667, 32.82]]], [[[120.81333333333333, 32.82], [120.81333333333333, 32.815], [120.81791666666666, 32.815], [120.81791666666666, 32.82], [120.81333333333333, 32.82]]], [[[120.86375, 32.82], [120.86375, 32.815], [120.86833333333334, 32.815], [120.86833333333334, 32.82], [120.86375, 32.82]]], [[[120.905, 32.82], [120.905, 32.815], [120.90958333333333, 32.815], [120.90958333333333, 32.82], [120.905, 32.82]]], [[[121.015, 32.82], [121.015, 32.815], [121.01958333333333, 32.815], [121.01958333333333, 32.82], [121.015, 32.82]]], [[[120.67583333333333, 32.815], [120.67583333333333, 32.81], [120.68041666666667, 32.81], [120.68041666666667, 32.815], [120.67583333333333, 32.815]]], [[[120.72625000000001, 32.815], [120.72625000000001, 32.81], [120.73083333333334, 32.81], [120.73083333333334, 32.815], [120.72625000000001, 32.815]]], [[[120.96916666666667, 32.815], [120.96916666666667, 32.81], [120.97375, 32.81], [120.97375, 32.815], [120.96916666666667, 32.815]]], [[[120.71708333333333, 32.815], [120.71708333333333, 32.805], [120.72166666666666, 32.805], [120.72166666666666, 32.815], [120.71708333333333, 32.815]]], [[[120.79041666666667, 32.81], [120.79041666666667, 32.805], [120.795, 32.805], [120.795, 32.81], [120.79041666666667, 32.81]]], [[[120.83625, 32.81], [120.83625, 32.805], [120.84083333333334, 32.805], [120.84083333333334, 32.81], [120.83625, 32.81]]], [[[120.84541666666667, 32.81], [120.84541666666667, 32.805], [120.85, 32.805], [120.85, 32.81], [120.84541666666667, 32.81]]], [[[120.88208333333334, 32.81], [120.88208333333334, 32.805], [120.88666666666667, 32.805], [120.88666666666667, 32.81], [120.88208333333334, 32.81]]], [[[121.04708333333333, 32.81], [121.04708333333333, 32.805], [121.05166666666668, 32.805], [121.05166666666668, 32.81], [121.04708333333333, 32.81]]], [[[120.86375, 32.805], [120.86375, 32.8], [120.86833333333334, 32.8], [120.86833333333334, 32.805], [120.86375, 32.805]]], [[[120.87291666666667, 32.805], [120.87291666666667, 32.8], [120.8775, 32.8], [120.8775, 32.805], [120.87291666666667, 32.805]]], [[[120.91416666666667, 32.805], [120.91416666666667, 32.8], [120.91875, 32.8], [120.91875, 32.805], [120.91416666666667, 32.805]]], [[[120.93708333333333, 32.805], [120.93708333333333, 32.8], [120.94166666666666, 32.8], [120.94166666666666, 32.805], [120.93708333333333, 32.805]]], [[[120.94625, 32.805], [120.94625, 32.8], [120.95083333333334, 32.8], [120.95083333333334, 32.805], [120.94625, 32.805]]], [[[120.98291666666667, 32.805], [120.98291666666667, 32.8], [120.9875, 32.8], [120.9875, 32.805], [120.98291666666667, 32.805]]], [[[120.69416666666666, 32.8], [120.69416666666666, 32.795], [120.69875, 32.795], [120.69875, 32.8], [120.69416666666666, 32.8]]], [[[121.03333333333333, 32.8], [121.03333333333333, 32.795], [121.03791666666667, 32.795], [121.03791666666667, 32.8], [121.03333333333333, 32.8]]], [[[120.72166666666666, 32.8], [120.72166666666666, 32.79], [120.72625000000001, 32.79], [120.72625000000001, 32.8], [120.72166666666666, 32.8]]], [[[120.75375, 32.795], [120.75375, 32.79], [120.75833333333334, 32.79], [120.75833333333334, 32.795], [120.75375, 32.795]]], [[[120.91416666666667, 32.795], [120.91416666666667, 32.79], [120.91875, 32.79], [120.91875, 32.795], [120.91416666666667, 32.795]]], [[[121.00125, 32.795], [121.00125, 32.79], [121.00583333333334, 32.79], [121.00583333333334, 32.795], [121.00125, 32.795]]], [[[120.71708333333333, 32.79], [120.71708333333333, 32.785000000000004], [120.72166666666666, 32.785000000000004], [120.72166666666666, 32.79], [120.71708333333333, 32.79]]], [[[120.92791666666668, 32.79], [120.92791666666668, 32.785000000000004], [120.9325, 32.785000000000004], [120.9325, 32.79], [120.92791666666668, 32.79]]], [[[120.78125, 32.79], [120.78125, 32.78], [120.78583333333333, 32.78], [120.78583333333333, 32.79], [120.78125, 32.79]]], [[[120.81333333333333, 32.785000000000004], [120.81333333333333, 32.78], [120.81791666666666, 32.78], [120.81791666666666, 32.785000000000004], [120.81333333333333, 32.785000000000004]]], [[[120.96458333333334, 32.785000000000004], [120.96458333333334, 32.78], [120.96916666666667, 32.78], [120.96916666666667, 32.785000000000004], [120.96458333333334, 32.785000000000004]]], [[[120.85458333333334, 32.78], [120.85458333333334, 32.775], [120.85916666666667, 32.775], [120.85916666666667, 32.78], [120.85458333333334, 32.78]]], [[[120.92791666666668, 32.78], [120.92791666666668, 32.775], [120.9325, 32.775], [120.9325, 32.78], [120.92791666666668, 32.78]]], [[[120.795, 32.775], [120.795, 32.77], [120.79958333333333, 32.77], [120.79958333333333, 32.775], [120.795, 32.775]]], [[[120.81791666666666, 32.775], [120.81791666666666, 32.77], [120.8225, 32.77], [120.8225, 32.775], [120.81791666666666, 32.775]]], [[[120.83625, 32.775], [120.83625, 32.77], [120.84083333333334, 32.77], [120.84083333333334, 32.775], [120.83625, 32.775]]], [[[120.91416666666667, 32.77], [120.91416666666667, 32.765], [120.91875, 32.765], [120.91875, 32.77], [120.91416666666667, 32.77]]], [[[120.79958333333333, 33.269999999999996], [120.79958333333333, 33.26], [120.795, 33.26], [120.795, 33.265], [120.75833333333334, 33.265], [120.75833333333334, 33.26], [120.73083333333334, 33.26], [120.73083333333334, 33.255], [120.70791666666666, 33.255], [120.70791666666666, 33.25], [120.68958333333333, 33.25], [120.68958333333333, 33.245], [120.67125, 33.245], [120.67125, 33.24], [120.6575, 33.24], [120.6575, 33.235], [120.64375, 33.235], [120.64375, 33.23], [120.63, 33.23], [120.63, 33.225], [120.61625, 33.225], [120.61625, 33.22], [120.60708333333334, 33.22], [120.60708333333334, 33.214999999999996], [120.59791666666666, 33.214999999999996], [120.59791666666666, 33.21], [120.58875, 33.21], [120.58875, 33.205], [120.57958333333333, 33.205], [120.57958333333333, 33.2], [120.57041666666666, 33.2], [120.57041666666666, 33.195], [120.56125, 33.195], [120.56125, 33.19], [120.55208333333333, 33.19], [120.55208333333333, 33.185], [120.5475, 33.185], [120.5475, 33.18], [120.53833333333333, 33.18], [120.53833333333333, 33.175], [120.53375, 33.175], [120.53375, 33.17], [120.52458333333333, 33.17], [120.52458333333333, 33.165], [120.52, 33.165], [120.52, 33.16], [120.51541666666667, 33.16], [120.51541666666667, 33.155], [120.51083333333334, 33.155], [120.51083333333334, 33.15], [120.50166666666667, 33.15], [120.50166666666667, 33.144999999999996], [120.49708333333334, 33.144999999999996], [120.49708333333334, 33.14], [120.49249999999999, 33.14], [120.49249999999999, 33.135], [120.48791666666666, 33.135], [120.48791666666666, 33.13], [120.48333333333333, 33.13], [120.48333333333333, 33.12], [120.47875, 33.12], [120.47875, 33.115], [120.47416666666666, 33.115], [120.47416666666666, 33.11], [120.46958333333333, 33.11], [120.46958333333333, 33.105], [120.465, 33.105], [120.465, 33.095], [120.46041666666666, 33.095], [120.46041666666666, 33.089999999999996], [120.45583333333333, 33.089999999999996], [120.45583333333333, 33.08], [120.45125, 33.08], [120.45125, 33.07], [120.44666666666666, 33.07], [120.44666666666666, 33.055], [120.44208333333333, 33.055], [120.44208333333333, 33.04], [120.4375, 33.04], [120.4375, 33.015], [120.43291666666667, 33.015], [120.43291666666667, 32.98], [120.4375, 32.98], [120.4375, 32.955], [120.44208333333333, 32.955], [120.44208333333333, 32.94], [120.44666666666666, 32.94], [120.44666666666666, 32.925], [120.45125, 32.925], [120.45125, 32.915], [120.45583333333333, 32.915], [120.45583333333333, 32.910000000000004], [120.46041666666666, 32.910000000000004], [120.46041666666666, 32.9], [120.465, 32.9], [120.465, 32.89], [120.46958333333333, 32.89], [120.46958333333333, 32.885], [120.47416666666666, 32.885], [120.47416666666666, 32.88], [120.47875, 32.88], [120.47875, 32.875], [120.48333333333333, 32.875], [120.48333333333333, 32.865], [120.48791666666666, 32.865], [120.48791666666666, 32.86], [120.49249999999999, 32.86], [120.49249999999999, 32.855000000000004], [120.49708333333334, 32.855000000000004], [120.49708333333334, 32.85], [120.50166666666667, 32.85], [120.50166666666667, 32.845], [120.51083333333334, 32.845], [120.51083333333334, 32.84], [120.51541666666667, 32.84], [120.51541666666667, 32.835], [120.52, 32.835], [120.52, 32.83], [120.52458333333333, 32.83], [120.52458333333333, 32.825], [120.53375, 32.825], [120.53375, 32.82], [120.53833333333333, 32.82], [120.53833333333333, 32.815], [120.5475, 32.815], [120.5475, 32.81], [120.55208333333333, 32.81], [120.55208333333333, 32.805], [120.56125, 32.805], [120.56125, 32.8], [120.57041666666666, 32.8], [120.57041666666666, 32.795], [120.57958333333333, 32.795], [120.57958333333333, 32.79], [120.58875, 32.79], [120.58875, 32.785000000000004], [120.59791666666666, 32.785000000000004], [120.59791666666666, 32.78], [120.60708333333334, 32.78], [120.60708333333334, 32.775], [120.61625, 32.775], [120.61625, 32.77], [120.63458333333334, 32.77], [120.63458333333334, 32.765], [120.64375, 32.765], [120.64375, 32.76], [120.6575, 32.76], [120.6575, 32.755], [120.67125, 32.755], [120.67125, 32.75], [120.68958333333333, 32.75], [120.68958333333333, 32.745000000000005], [120.70333333333333, 32.745000000000005], [120.70333333333333, 32.75], [120.70791666666666, 32.75], [120.70791666666666, 32.74], [120.73083333333334, 32.74], [120.73083333333334, 32.735], [120.75833333333334, 32.735], [120.75833333333334, 32.730000000000004], [120.79958333333333, 32.730000000000004], [120.79958333333333, 32.725], [120.905, 32.725], [120.905, 32.730000000000004], [120.94625, 32.730000000000004], [120.94625, 32.735], [120.97375, 32.735], [120.97375, 32.74], [120.99666666666667, 32.74], [120.99666666666667, 32.745000000000005], [121.00125, 32.745000000000005], [121.00125, 32.75], [121.00583333333334, 32.75], [121.00583333333334, 32.745000000000005], [121.015, 32.745000000000005], [121.015, 32.75], [121.01958333333333, 32.75], [121.01958333333333, 32.755], [121.02416666666667, 32.755], [121.02416666666667, 32.75], [121.03333333333333, 32.75], [121.03333333333333, 32.755], [121.04708333333333, 32.755], [121.04708333333333, 32.76], [121.06083333333333, 32.76], [121.06083333333333, 32.765], [121.07458333333334, 32.765], [121.07458333333334, 32.77], [121.08833333333334, 32.77], [121.08833333333334, 32.775], [121.0975, 32.775], [121.0975, 32.78], [121.10666666666667, 32.78], [121.10666666666667, 32.785000000000004], [121.11583333333334, 32.785000000000004], [121.11583333333334, 32.79], [121.125, 32.79], [121.125, 32.795], [121.13416666666667, 32.795], [121.13416666666667, 32.8], [121.14333333333333, 32.8], [121.14333333333333, 32.805], [121.14791666666667, 32.805], [121.14791666666667, 32.81], [121.15708333333333, 32.81], [121.15708333333333, 32.815], [121.16625, 32.815], [121.16625, 32.82], [121.17083333333333, 32.82], [121.17083333333333, 32.825], [121.18, 32.825], [121.18, 32.83], [121.18458333333334, 32.83], [121.18458333333334, 32.835], [121.18916666666667, 32.835], [121.18916666666667, 32.84], [121.19375000000001, 32.84], [121.19375000000001, 32.845], [121.20291666666667, 32.845], [121.20291666666667, 32.85], [121.20750000000001, 32.85], [121.20750000000001, 32.855000000000004], [121.21208333333334, 32.855000000000004], [121.21208333333334, 32.86], [121.21666666666667, 32.86], [121.21666666666667, 32.865], [121.22125, 32.865], [121.22125, 32.875], [121.22583333333334, 32.875], [121.22583333333334, 32.88], [121.23041666666667, 32.88], [121.23041666666667, 32.885], [121.235, 32.885], [121.235, 32.89], [121.23958333333334, 32.89], [121.23958333333334, 32.9], [121.24416666666667, 32.9], [121.24416666666667, 32.905], [121.24875, 32.905], [121.24875, 32.915], [121.25333333333334, 32.915], [121.25333333333334, 32.925], [121.25791666666667, 32.925], [121.25791666666667, 32.94], [121.2625, 32.94], [121.2625, 32.955], [121.26708333333333, 32.955], [121.26708333333333, 32.96], [121.25791666666667, 32.96], [121.25791666666667, 32.965], [121.26708333333333, 32.965], [121.26708333333333, 32.98], [121.27166666666668, 32.98], [121.27166666666668, 33.015], [121.26708333333333, 33.015], [121.26708333333333, 33.04], [121.2625, 33.04], [121.2625, 33.055], [121.25791666666667, 33.055], [121.25791666666667, 33.07], [121.25333333333334, 33.07], [121.25333333333334, 33.08], [121.24875, 33.08], [121.24875, 33.089999999999996], [121.24416666666667, 33.089999999999996], [121.24416666666667, 33.095], [121.23958333333334, 33.095], [121.23958333333334, 33.105], [121.235, 33.105], [121.235, 33.11], [121.23041666666667, 33.11], [121.23041666666667, 33.115], [121.22583333333334, 33.115], [121.22583333333334, 33.12], [121.22125, 33.12], [121.22125, 33.13], [121.21666666666667, 33.13], [121.21666666666667, 33.135], [121.21208333333334, 33.135], [121.21208333333334, 33.14], [121.20750000000001, 33.14], [121.20750000000001, 33.144999999999996], [121.20291666666667, 33.144999999999996], [121.20291666666667, 33.15], [121.19375000000001, 33.15], [121.19375000000001, 33.155], [121.18916666666667, 33.155], [121.18916666666667, 33.16], [121.18458333333334, 33.16], [121.18458333333334, 33.165], [121.18, 33.165], [121.18, 33.17], [121.17083333333333, 33.17], [121.17083333333333, 33.175], [121.16625, 33.175], [121.16625, 33.18], [121.15708333333333, 33.18], [121.15708333333333, 33.185], [121.1525, 33.185], [121.1525, 33.19], [121.14333333333333, 33.19], [121.14333333333333, 33.195], [121.13416666666667, 33.195], [121.13416666666667, 33.2], [121.125, 33.2], [121.125, 33.205], [121.11583333333334, 33.205], [121.11583333333334, 33.21], [121.10666666666667, 33.21], [121.10666666666667, 33.214999999999996], [121.0975, 33.214999999999996], [121.0975, 33.22], [121.08833333333334, 33.22], [121.08833333333334, 33.225], [121.07458333333334, 33.225], [121.07458333333334, 33.23], [121.06083333333333, 33.23], [121.06083333333333, 33.235], [121.04708333333333, 33.235], [121.04708333333333, 33.24], [121.03333333333333, 33.24], [121.03333333333333, 33.245], [121.015, 33.245], [121.015, 33.25], [120.99666666666667, 33.25], [120.99666666666667, 33.255], [120.97375, 33.255], [120.97375, 33.26], [120.94625, 33.26], [120.94625, 33.265], [120.90041666666667, 33.265], [120.90041666666667, 33.269999999999996], [120.86375, 33.269999999999996], [120.86375, 33.265], [120.85916666666667, 33.265], [120.85916666666667, 33.269999999999996], [120.79958333333333, 33.269999999999996]], [[120.81333333333333, 33.265], [120.81791666666666, 33.265], [120.81791666666666, 33.26], [120.81333333333333, 33.26], [120.81333333333333, 33.265]], [[120.84541666666667, 33.265], [120.85, 33.265], [120.85, 33.26], [120.84541666666667, 33.26], [120.84541666666667, 33.265]], [[120.80875, 33.26], [120.81333333333333, 33.26], [120.81333333333333, 33.255], [120.80875, 33.255], [120.80875, 33.26]], [[120.86833333333334, 33.26], [120.87291666666667, 33.26], [120.87291666666667, 33.255], [120.86833333333334, 33.255], [120.86833333333334, 33.26]], [[120.79041666666667, 33.255], [120.795, 33.255], [120.795, 33.25], [120.79041666666667, 33.25], [120.79041666666667, 33.255]], [[120.86833333333334, 33.245], [120.87291666666667, 33.245], [120.87291666666667, 33.24], [120.86833333333334, 33.24], [120.86833333333334, 33.245]], [[120.90041666666667, 33.245], [120.905, 33.245], [120.905, 33.24], [120.90041666666667, 33.24], [120.90041666666667, 33.245]], [[120.97375, 33.245], [120.97833333333334, 33.245], [120.97833333333334, 33.24], [120.97375, 33.24], [120.97375, 33.245]], [[120.69416666666666, 33.24], [120.69875, 33.24], [120.69875, 33.235], [120.69416666666666, 33.235], [120.69416666666666, 33.24]], [[120.80875, 33.24], [120.81333333333333, 33.24], [120.81333333333333, 33.235], [120.83625, 33.235], [120.83625, 33.24], [120.84083333333334, 33.24], [120.84083333333334, 33.235], [120.85458333333334, 33.235], [120.85458333333334, 33.24], [120.85916666666667, 33.24], [120.85916666666667, 33.235], [120.86375, 33.235], [120.86375, 33.24], [120.86833333333334, 33.24], [120.86833333333334, 33.235], [120.89125, 33.235], [120.89125, 33.24], [120.89583333333333, 33.24], [120.89583333333333, 33.235], [120.92333333333333, 33.235], [120.92333333333333, 33.23], [120.95541666666666, 33.23], [120.95541666666666, 33.225], [120.97833333333334, 33.225], [120.97833333333334, 33.22], [120.99666666666667, 33.22], [120.99666666666667, 33.214999999999996], [121.015, 33.214999999999996], [121.015, 33.21], [121.02875, 33.21], [121.02875, 33.205], [121.0425, 33.205], [121.0425, 33.2], [121.04708333333333, 33.2], [121.04708333333333, 33.205], [121.05166666666668, 33.205], [121.05166666666668, 33.2], [121.05625, 33.2], [121.05625, 33.195], [121.06541666666666, 33.195], [121.06541666666666, 33.19], [121.07458333333334, 33.19], [121.07458333333334, 33.185], [121.08375000000001, 33.185], [121.08375000000001, 33.18], [121.09291666666667, 33.18], [121.09291666666667, 33.175], [121.10208333333334, 33.175], [121.10208333333334, 33.17], [121.11125, 33.17], [121.11125, 33.165], [121.12041666666667, 33.165], [121.12041666666667, 33.16], [121.125, 33.16], [121.125, 33.155], [121.13416666666667, 33.155], [121.13416666666667, 33.15], [121.13875, 33.15], [121.13875, 33.144999999999996], [121.14333333333333, 33.144999999999996], [121.14333333333333, 33.135], [121.14791666666667, 33.135], [121.14791666666667, 33.14], [121.1525, 33.14], [121.1525, 33.135], [121.15708333333333, 33.135], [121.15708333333333, 33.13], [121.16166666666668, 33.13], [121.16166666666668, 33.125], [121.16625, 33.125], [121.16625, 33.12], [121.17083333333333, 33.12], [121.17083333333333, 33.115], [121.17541666666668, 33.115], [121.17541666666668, 33.11], [121.18, 33.11], [121.18, 33.105], [121.18458333333334, 33.105], [121.18458333333334, 33.095], [121.18916666666667, 33.095], [121.18916666666667, 33.089999999999996], [121.19375000000001, 33.089999999999996], [121.19375000000001, 33.085], [121.19833333333334, 33.085], [121.19833333333334, 33.075], [121.20291666666667, 33.075], [121.20291666666667, 33.065], [121.20750000000001, 33.065], [121.20750000000001, 33.06], [121.20291666666667, 33.06], [121.20291666666667, 33.055], [121.21208333333334, 33.055], [121.21208333333334, 33.05], [121.20750000000001, 33.05], [121.20750000000001, 33.045], [121.21208333333334, 33.045], [121.21208333333334, 33.04], [121.21666666666667, 33.04], [121.21666666666667, 33.015], [121.22125, 33.015], [121.22125, 32.98], [121.21666666666667, 32.98], [121.21666666666667, 32.965], [121.22125, 32.965], [121.22125, 32.96], [121.21666666666667, 32.96], [121.21666666666667, 32.955], [121.21208333333334, 32.955], [121.21208333333334, 32.94], [121.20750000000001, 32.94], [121.20750000000001, 32.93], [121.20291666666667, 32.93], [121.20291666666667, 32.92], [121.19833333333334, 32.92], [121.19833333333334, 32.915], [121.19375000000001, 32.915], [121.19375000000001, 32.905], [121.18458333333334, 32.905], [121.18458333333334, 32.89], [121.18, 32.89], [121.18, 32.885], [121.17541666666668, 32.885], [121.17541666666668, 32.88], [121.17083333333333, 32.88], [121.17083333333333, 32.875], [121.16625, 32.875], [121.16625, 32.87], [121.16166666666668, 32.87], [121.16166666666668, 32.865], [121.15708333333333, 32.865], [121.15708333333333, 32.86], [121.1525, 32.86], [121.1525, 32.855000000000004], [121.14333333333333, 32.855000000000004], [121.14333333333333, 32.845], [121.13416666666667, 32.845], [121.13416666666667, 32.835], [121.12958333333334, 32.835], [121.12958333333334, 32.84], [121.125, 32.84], [121.125, 32.835], [121.12041666666667, 32.835], [121.12041666666667, 32.83], [121.11125, 32.83], [121.11125, 32.825], [121.10208333333334, 32.825], [121.10208333333334, 32.82], [121.09291666666667, 32.82], [121.09291666666667, 32.815], [121.08375000000001, 32.815], [121.08375000000001, 32.81], [121.07458333333334, 32.81], [121.07458333333334, 32.805], [121.06541666666666, 32.805], [121.06541666666666, 32.8], [121.05625, 32.8], [121.05625, 32.795], [121.0425, 32.795], [121.0425, 32.79], [121.02416666666667, 32.79], [121.02416666666667, 32.785000000000004], [121.015, 32.785000000000004], [121.015, 32.78], [120.99666666666667, 32.78], [120.99666666666667, 32.77], [120.99208333333334, 32.77], [120.99208333333334, 32.775], [120.97833333333334, 32.775], [120.97833333333334, 32.77], [120.95541666666666, 32.77], [120.95541666666666, 32.765], [120.92333333333333, 32.765], [120.92333333333333, 32.76], [120.77666666666667, 32.76], [120.77666666666667, 32.765], [120.74916666666667, 32.765], [120.74916666666667, 32.77], [120.72625000000001, 32.77], [120.72625000000001, 32.775], [120.71708333333333, 32.775], [120.71708333333333, 32.78], [120.7125, 32.78], [120.7125, 32.775], [120.70791666666666, 32.775], [120.70791666666666, 32.78], [120.68958333333333, 32.78], [120.68958333333333, 32.785000000000004], [120.67583333333333, 32.785000000000004], [120.67583333333333, 32.79], [120.66208333333333, 32.79], [120.66208333333333, 32.8], [120.6575, 32.8], [120.6575, 32.795], [120.64833333333333, 32.795], [120.64833333333333, 32.8], [120.63916666666667, 32.8], [120.63916666666667, 32.805], [120.63, 32.805], [120.63, 32.81], [120.62083333333334, 32.81], [120.62083333333334, 32.815], [120.61166666666666, 32.815], [120.61166666666666, 32.82], [120.6025, 32.82], [120.6025, 32.825], [120.59791666666666, 32.825], [120.59791666666666, 32.83], [120.57958333333333, 32.83], [120.57958333333333, 32.84], [120.57041666666666, 32.84], [120.57041666666666, 32.845], [120.56583333333333, 32.845], [120.56583333333333, 32.85], [120.56125, 32.85], [120.56125, 32.855000000000004], [120.55208333333333, 32.855000000000004], [120.55208333333333, 32.86], [120.5475, 32.86], [120.5475, 32.865], [120.54291666666667, 32.865], [120.54291666666667, 32.87], [120.53833333333333, 32.87], [120.53833333333333, 32.875], [120.53375, 32.875], [120.53375, 32.88], [120.52916666666667, 32.88], [120.52916666666667, 32.885], [120.52458333333333, 32.885], [120.52458333333333, 32.89], [120.52, 32.89], [120.52, 32.9], [120.51541666666667, 32.9], [120.51541666666667, 32.905], [120.51083333333334, 32.905], [120.51083333333334, 32.910000000000004], [120.50625, 32.910000000000004], [120.50625, 32.92], [120.50166666666667, 32.92], [120.50166666666667, 32.93], [120.49708333333334, 32.93], [120.49708333333334, 32.94], [120.49249999999999, 32.94], [120.49249999999999, 32.95], [120.49708333333334, 32.95], [120.49708333333334, 32.955], [120.48791666666666, 32.955], [120.48791666666666, 32.98], [120.48333333333333, 32.98], [120.48333333333333, 33.0], [120.48791666666666, 33.0], [120.48791666666666, 33.005], [120.48333333333333, 33.005], [120.48333333333333, 33.015], [120.48791666666666, 33.015], [120.48791666666666, 33.04], [120.49249999999999, 33.04], [120.49249999999999, 33.055], [120.49708333333334, 33.055], [120.49708333333334, 33.065], [120.50166666666667, 33.065], [120.50166666666667, 33.075], [120.50625, 33.075], [120.50625, 33.085], [120.51083333333334, 33.085], [120.51083333333334, 33.089999999999996], [120.51541666666667, 33.089999999999996], [120.51541666666667, 33.095], [120.52, 33.095], [120.52, 33.105], [120.52458333333333, 33.105], [120.52458333333333, 33.11], [120.52916666666667, 33.11], [120.52916666666667, 33.115], [120.53375, 33.115], [120.53375, 33.12], [120.53833333333333, 33.12], [120.53833333333333, 33.125], [120.54291666666667, 33.125], [120.54291666666667, 33.13], [120.5475, 33.13], [120.5475, 33.135], [120.55208333333333, 33.135], [120.55208333333333, 33.14], [120.56125, 33.14], [120.56125, 33.144999999999996], [120.56583333333333, 33.144999999999996], [120.56583333333333, 33.15], [120.57041666666666, 33.15], [120.57041666666666, 33.155], [120.57958333333333, 33.155], [120.57958333333333, 33.16], [120.58416666666666, 33.16], [120.58416666666666, 33.165], [120.59333333333333, 33.165], [120.59333333333333, 33.17], [120.6025, 33.17], [120.6025, 33.175], [120.61166666666666, 33.175], [120.61166666666666, 33.18], [120.62083333333334, 33.18], [120.62083333333334, 33.185], [120.63, 33.185], [120.63, 33.19], [120.63916666666667, 33.19], [120.63916666666667, 33.2], [120.64375, 33.2], [120.64375, 33.195], [120.64833333333333, 33.195], [120.64833333333333, 33.2], [120.65291666666667, 33.2], [120.65291666666667, 33.205], [120.6575, 33.205], [120.6575, 33.2], [120.66208333333333, 33.2], [120.66208333333333, 33.205], [120.66666666666667, 33.205], [120.66666666666667, 33.2], [120.67125, 33.2], [120.67125, 33.205], [120.67583333333333, 33.205], [120.67583333333333, 33.21], [120.68958333333333, 33.21], [120.68958333333333, 33.214999999999996], [120.70791666666666, 33.214999999999996], [120.70791666666666, 33.22], [120.72625000000001, 33.22], [120.72625000000001, 33.225], [120.74916666666667, 33.225], [120.74916666666667, 33.23], [120.78125, 33.23], [120.78125, 33.235], [120.78583333333333, 33.235], [120.78583333333333, 33.23], [120.79041666666667, 33.23], [120.79041666666667, 33.235], [120.80875, 33.235], [120.80875, 33.24]], [[120.92333333333333, 33.24], [120.92791666666668, 33.24], [120.92791666666668, 33.235], [120.92333333333333, 33.235], [120.92333333333333, 33.24]], [[120.95541666666666, 33.24], [120.96000000000001, 33.24], [120.96000000000001, 33.235], [120.95541666666666, 33.235], [120.95541666666666, 33.24]], [[120.69875, 33.235], [120.70333333333333, 33.235], [120.70333333333333, 33.225], [120.69875, 33.225], [120.69875, 33.235]], [[121.0425, 33.235], [121.04708333333333, 33.235], [121.04708333333333, 33.23], [121.0425, 33.23], [121.0425, 33.235]], [[121.03791666666667, 33.23], [121.0425, 33.23], [121.0425, 33.225], [121.03791666666667, 33.225], [121.03791666666667, 33.23]], [[121.06541666666666, 33.225], [121.07000000000001, 33.225], [121.07000000000001, 33.22], [121.06541666666666, 33.22], [121.06541666666666, 33.225]], [[120.63, 33.22], [120.63458333333334, 33.22], [120.63458333333334, 33.214999999999996], [120.63, 33.214999999999996], [120.63, 33.22]], [[120.64833333333333, 33.22], [120.65291666666667, 33.22], [120.65291666666667, 33.214999999999996], [120.64833333333333, 33.214999999999996], [120.64833333333333, 33.22]], [[120.61166666666666, 33.21], [120.61625, 33.21], [120.61625, 33.205], [120.61166666666666, 33.205], [120.61166666666666, 33.21]], [[120.64375, 33.21], [120.64833333333333, 33.21], [120.64833333333333, 33.205], [120.64375, 33.205], [120.64375, 33.21]], [[120.56583333333333, 33.19], [120.575, 33.19], [120.575, 33.185], [120.56583333333333, 33.185], [120.56583333333333, 33.19]], [[120.55666666666667, 33.185], [120.56125, 33.185], [120.56125, 33.18], [120.55666666666667, 33.18], [120.55666666666667, 33.185]], [[121.11583333333334, 33.18], [121.12041666666667, 33.18], [121.12041666666667, 33.175], [121.11583333333334, 33.175], [121.11583333333334, 33.18]], [[120.56125, 33.175], [120.56583333333333, 33.175], [120.56583333333333, 33.17], [120.56125, 33.17], [120.56125, 33.175]], [[120.575, 33.17], [120.57958333333333, 33.17], [120.57958333333333, 33.165], [120.575, 33.165], [120.575, 33.17]], [[121.13416666666667, 33.165], [121.13875, 33.165], [121.13875, 33.155], [121.13416666666667, 33.155], [121.13416666666667, 33.165]], [[121.14333333333333, 33.16], [121.14791666666667, 33.16], [121.14791666666667, 33.155], [121.14333333333333, 33.155], [121.14333333333333, 33.16]], [[120.5475, 33.155], [120.55208333333333, 33.155], [120.55208333333333, 33.15], [120.5475, 33.15], [120.5475, 33.155]], [[120.52458333333333, 33.144999999999996], [120.52916666666667, 33.144999999999996], [120.52916666666667, 33.14], [120.52458333333333, 33.14], [120.52458333333333, 33.144999999999996]], [[120.5475, 33.144999999999996], [120.55208333333333, 33.144999999999996], [120.55208333333333, 33.14], [120.5475, 33.14], [120.5475, 33.144999999999996]], [[120.51541666666667, 33.14], [120.52, 33.14], [120.52, 33.135], [120.51541666666667, 33.135], [120.51541666666667, 33.14]], [[120.52458333333333, 33.13], [120.52916666666667, 33.13], [120.52916666666667, 33.125], [120.52458333333333, 33.125], [120.52458333333333, 33.13]], [[121.17541666666668, 33.13], [121.18458333333334, 33.13], [121.18458333333334, 33.125], [121.17541666666668, 33.125], [121.17541666666668, 33.13]], [[121.19375000000001, 33.13], [121.19833333333334, 33.13], [121.19833333333334, 33.125], [121.19375000000001, 33.125], [121.19375000000001, 33.13]], [[120.49249999999999, 33.125], [120.49708333333334, 33.125], [120.49708333333334, 33.12], [120.49249999999999, 33.12], [120.49249999999999, 33.125]], [[120.46958333333333, 33.105], [120.47416666666666, 33.105], [120.47416666666666, 33.1], [120.46958333333333, 33.1], [120.46958333333333, 33.105]], [[121.235, 33.089999999999996], [121.23958333333334, 33.089999999999996], [121.23958333333334, 33.085], [121.235, 33.085], [121.235, 33.089999999999996]], [[120.47875, 33.08], [120.48333333333333, 33.08], [120.48333333333333, 33.075], [120.47875, 33.075], [120.47875, 33.08]], [[121.22583333333334, 33.075], [121.23041666666667, 33.075], [121.23041666666667, 33.07], [121.22583333333334, 33.07], [121.22583333333334, 33.075]], [[121.23958333333334, 33.075], [121.24416666666667, 33.075], [121.24416666666667, 33.07], [121.23958333333334, 33.07], [121.23958333333334, 33.075]], [[121.21666666666667, 33.07], [121.22125, 33.07], [121.22125, 33.06], [121.21208333333334, 33.06], [121.21208333333334, 33.065], [121.21666666666667, 33.065], [121.21666666666667, 33.07]], [[120.44666666666666, 33.055], [120.45125, 33.055], [120.45125, 33.05], [120.44666666666666, 33.05], [120.44666666666666, 33.055]], [[120.48333333333333, 33.055], [120.48791666666666, 33.055], [120.48791666666666, 33.05], [120.48333333333333, 33.05], [120.48333333333333, 33.055]], [[121.21666666666667, 33.045], [121.22125, 33.045], [121.22125, 33.04], [121.21666666666667, 33.04], [121.21666666666667, 33.045]], [[121.22583333333334, 33.04], [121.23041666666667, 33.04], [121.23041666666667, 33.035], [121.22583333333334, 33.035], [121.22583333333334, 33.04]], [[121.23958333333334, 33.035], [121.24416666666667, 33.035], [121.24416666666667, 33.03], [121.23958333333334, 33.03], [121.23958333333334, 33.035]], [[121.25333333333334, 33.035], [121.25791666666667, 33.035], [121.25791666666667, 33.03], [121.25333333333334, 33.03], [121.25333333333334, 33.035]], [[120.47416666666666, 33.03], [120.47875, 33.03], [120.47875, 33.025], [120.47416666666666, 33.025], [120.47416666666666, 33.03]], [[120.45125, 33.01], [120.45583333333333, 33.01], [120.45583333333333, 33.005], [120.45125, 33.005], [120.45125, 33.01]], [[121.25791666666667, 33.005], [121.26708333333333, 33.005], [121.26708333333333, 33.0], [121.25791666666667, 33.0], [121.25791666666667, 33.005]], [[121.24416666666667, 32.995], [121.25333333333334, 32.995], [121.25333333333334, 32.99], [121.24416666666667, 32.99], [121.24416666666667, 32.995]], [[120.46958333333333, 32.945], [120.47416666666666, 32.945], [120.47416666666666, 32.94], [120.46958333333333, 32.94], [120.46958333333333, 32.945]], [[120.465, 32.935], [120.46958333333333, 32.935], [120.46958333333333, 32.93], [120.465, 32.93], [120.465, 32.935]], [[120.465, 32.925], [120.46958333333333, 32.925], [120.46958333333333, 32.92], [120.465, 32.92], [120.465, 32.925]], [[121.22125, 32.925], [121.22583333333334, 32.925], [121.22583333333334, 32.92], [121.22125, 32.92], [121.22125, 32.925]], [[120.48791666666666, 32.915], [120.49249999999999, 32.915], [120.49249999999999, 32.910000000000004], [120.48791666666666, 32.910000000000004], [120.48791666666666, 32.915]], [[120.465, 32.910000000000004], [120.46958333333333, 32.910000000000004], [120.46958333333333, 32.905], [120.465, 32.905], [120.465, 32.910000000000004]], [[121.19375000000001, 32.905], [121.19833333333334, 32.905], [121.19833333333334, 32.9], [121.19375000000001, 32.9], [121.19375000000001, 32.905]], [[120.47416666666666, 32.9], [120.47875, 32.9], [120.47875, 32.895], [120.47416666666666, 32.895], [120.47416666666666, 32.9]], [[120.50166666666667, 32.9], [120.50625, 32.9], [120.50625, 32.89], [120.50166666666667, 32.89], [120.50166666666667, 32.9]], [[121.22125, 32.9], [121.22583333333334, 32.9], [121.22583333333334, 32.895], [121.22125, 32.895], [121.22125, 32.9]], [[121.20291666666667, 32.89], [121.20750000000001, 32.89], [121.20750000000001, 32.885], [121.20291666666667, 32.885], [121.20291666666667, 32.89]], [[120.51541666666667, 32.885], [120.52, 32.885], [120.52, 32.88], [120.51541666666667, 32.88], [120.51541666666667, 32.885]], [[120.50166666666667, 32.88], [120.50625, 32.88], [120.50625, 32.875], [120.50166666666667, 32.875], [120.50166666666667, 32.88]], [[120.49708333333334, 32.87], [120.50166666666667, 32.87], [120.50166666666667, 32.865], [120.49708333333334, 32.865], [120.49708333333334, 32.87]], [[120.53375, 32.87], [120.53833333333333, 32.87], [120.53833333333333, 32.865], [120.53375, 32.865], [120.53375, 32.87]], [[120.52458333333333, 32.865], [120.52916666666667, 32.865], [120.52916666666667, 32.86], [120.52458333333333, 32.86], [120.52458333333333, 32.865]], [[121.19833333333334, 32.855000000000004], [121.20291666666667, 32.855000000000004], [121.20291666666667, 32.85], [121.19833333333334, 32.85], [121.19833333333334, 32.855000000000004]], [[120.56583333333333, 32.84], [120.57041666666666, 32.84], [120.57041666666666, 32.835], [120.56583333333333, 32.835], [120.56583333333333, 32.84]], [[121.14791666666667, 32.84], [121.1525, 32.84], [121.1525, 32.835], [121.14791666666667, 32.835], [121.14791666666667, 32.84]], [[120.54291666666667, 32.83], [120.5475, 32.83], [120.5475, 32.825], [120.54291666666667, 32.825], [120.54291666666667, 32.83]], [[120.55666666666667, 32.83], [120.56125, 32.83], [120.56125, 32.825], [120.55666666666667, 32.825], [120.55666666666667, 32.83]], [[120.57958333333333, 32.82], [120.58416666666666, 32.82], [120.58416666666666, 32.815], [120.57958333333333, 32.815], [120.57958333333333, 32.82]], [[121.11125, 32.82], [121.11583333333334, 32.82], [121.11583333333334, 32.815], [121.11125, 32.815], [121.11125, 32.82]], [[120.57041666666666, 32.81], [120.575, 32.81], [120.575, 32.805], [120.57041666666666, 32.805], [120.57041666666666, 32.81]], [[121.10208333333334, 32.81], [121.10666666666667, 32.81], [121.10666666666667, 32.805], [121.10208333333334, 32.805], [121.10208333333334, 32.81]], [[121.13416666666667, 32.81], [121.13875, 32.81], [121.13875, 32.805], [121.13416666666667, 32.805], [121.13416666666667, 32.81]], [[120.58875, 32.805], [120.59333333333333, 32.805], [120.59333333333333, 32.8], [120.58875, 32.8], [120.58875, 32.805]], [[120.61166666666666, 32.805], [120.61625, 32.805], [120.61625, 32.79], [120.61166666666666, 32.79], [120.61166666666666, 32.805]], [[120.57958333333333, 32.8], [120.58416666666666, 32.8], [120.58416666666666, 32.795], [120.57958333333333, 32.795], [120.57958333333333, 32.8]], [[120.59333333333333, 32.8], [120.59791666666666, 32.8], [120.59791666666666, 32.795], [120.59333333333333, 32.795], [120.59333333333333, 32.8]], [[121.09291666666667, 32.8], [121.0975, 32.8], [121.0975, 32.795], [121.09291666666667, 32.795], [121.09291666666667, 32.8]], [[120.685, 32.78], [120.68958333333333, 32.78], [120.68958333333333, 32.775], [120.685, 32.775], [120.685, 32.78]], [[120.63458333333334, 32.775], [120.63916666666667, 32.775], [120.63916666666667, 32.77], [120.63458333333334, 32.77], [120.63458333333334, 32.775]], [[120.69875, 32.775], [120.70333333333333, 32.775], [120.70333333333333, 32.77], [120.69875, 32.77], [120.69875, 32.775]], [[121.06083333333333, 32.775], [121.06541666666666, 32.775], [121.06541666666666, 32.77], [121.06083333333333, 32.77], [121.06083333333333, 32.775]], [[120.74916666666667, 32.76], [120.75375, 32.76], [120.75375, 32.755], [120.74916666666667, 32.755], [120.74916666666667, 32.76]], [[120.92791666666668, 32.76], [120.9325, 32.76], [120.9325, 32.755], [120.92791666666668, 32.755], [120.92791666666668, 32.76]], [[120.69875, 32.755], [120.70333333333333, 32.755], [120.70333333333333, 32.75], [120.69875, 32.75], [120.69875, 32.755]], [[120.84083333333334, 32.755], [120.84541666666667, 32.755], [120.84541666666667, 32.75], [120.84083333333334, 32.75], [120.84083333333334, 32.755]], [[120.89125, 32.755], [120.89583333333333, 32.755], [120.89583333333333, 32.75], [120.89125, 32.75], [120.89125, 32.755]], [[120.7675, 32.75], [120.77208333333333, 32.75], [120.77208333333333, 32.745000000000005], [120.7675, 32.745000000000005], [120.7675, 32.75]], [[120.77666666666667, 32.745000000000005], [120.78583333333333, 32.745000000000005], [120.78583333333333, 32.74], [120.77666666666667, 32.74], [120.77666666666667, 32.745000000000005]], [[120.79041666666667, 32.745000000000005], [120.795, 32.745000000000005], [120.795, 32.74], [120.79041666666667, 32.74], [120.79041666666667, 32.745000000000005]], [[120.80875, 32.745000000000005], [120.81333333333333, 32.745000000000005], [120.81333333333333, 32.74], [120.80875, 32.74], [120.80875, 32.745000000000005]], [[120.81333333333333, 32.74], [120.81791666666666, 32.74], [120.81791666666666, 32.735], [120.81333333333333, 32.735], [120.81333333333333, 32.74]], [[120.86375, 32.74], [120.86833333333334, 32.74], [120.86833333333334, 32.735], [120.86375, 32.735], [120.86375, 32.74]], [[120.88666666666667, 32.74], [120.89125, 32.74], [120.89125, 32.735], [120.88666666666667, 32.735], [120.88666666666667, 32.74]], [[120.8775, 32.735], [120.88208333333334, 32.735], [120.88208333333334, 32.730000000000004], [120.8775, 32.730000000000004], [120.8775, 32.735]]]]}, "properties": {"class": "loss", "class_code": -1, "pixels": 3845, "synthetic": true}}, {"type": "Feature", "geometry": {"type": "MultiPolygon", "coordinates": [[[[120.91875, 33.235], [120.91875, 33.225], [120.92333333333333, 33.225], [120.92333333333333, 33.235], [120.91875, 33.235]]], [[[120.85916666666667, 33.23], [120.85916666666667, 33.225], [120.86375, 33.225], [120.86375, 33.23], [120.85916666666667, 33.23]]], [[[120.88208333333334, 33.23], [120.88208333333334, 33.225], [120.88666666666667, 33.225], [120.88666666666667, 33.23], [120.88208333333334, 33.23]]], [[[120.72625000000001, 33.225], [120.72625000000001, 33.22], [120.73083333333334, 33.22], [120.73083333333334, 33.225], [120.72625000000001, 33.225]]], [[[120.8225, 33.225], [120.8225, 33.22], [120.82708333333333, 33.22], [120.82708333333333, 33.225], [120.8225, 33.225]]], [[[120.8775, 33.225], [120.8775, 33.22], [120.88208333333334, 33.22], [120.88208333333334, 33.225], [120.8775, 33.225]]], [[[120.905, 33.214999999999996], [120.905, 33.21], [120.90958333333333, 33.21], [120.90958333333333, 33.214999999999996], [120.905, 33.214999999999996]]], [[[120.94166666666666, 33.214999999999996], [120.94166666666666, 33.21], [120.94625, 33.21], [120.94625, 33.214999999999996], [120.94166666666666, 33.214999999999996]]], [[[120.96916666666667, 33.214999999999996], [120.96916666666667, 33.21], [120.97375, 33.21], [120.97375, 33.214999999999996], [120.96916666666667, 33.214999999999996]]], [[[120.75375, 33.21], [120.75375, 33.205], [120.75833333333334, 33.205], [120.75833333333334, 33.21], [120.75375, 33.21]]], [[[120.89125, 33.21], [120.89125, 33.205], [120.89583333333333, 33.205], [120.89583333333333, 33.21], [120.89125, 33.21]]], [[[120.72166666666666, 33.205], [120.72166666666666, 33.2], [120.72625000000001, 33.2], [120.72625000000001, 33.205], [120.72166666666666, 33.205]]], [[[120.95083333333334, 33.205], [120.95083333333334, 33.2], [120.96000000000001, 33.2], [120.96000000000001, 33.205], [120.95083333333334, 33.205]]], [[[121.02416666666667, 33.2], [121.02416666666667, 33.195], [121.02875, 33.195], [121.02875, 33.2], [121.02416666666667, 33.2]]], [[[120.69875, 33.195], [120.69875, 33.19], [120.70333333333333, 33.19], [120.70333333333333, 33.195], [120.69875, 33.195]]], [[[120.73541666666667, 33.195], [120.73541666666667, 33.19], [120.74, 33.19], [120.74, 33.195], [120.73541666666667, 33.195]]], [[[120.81333333333333, 33.195], [120.81333333333333, 33.19], [120.81791666666666, 33.19], [120.81791666666666, 33.195], [120.81333333333333, 33.195]]], [[[120.97833333333334, 33.195], [120.97833333333334, 33.19], [120.98291666666667, 33.19], [120.98291666666667, 33.195], [120.97833333333334, 33.195]]], [[[120.86375, 33.195], [120.86375, 33.185], [120.86833333333334, 33.185], [120.86833333333334, 33.195], [120.86375, 33.195]]], [[[120.72166666666666, 33.19], [120.72166666666666, 33.185], [120.72625000000001, 33.185], [120.72625000000001, 33.19], [120.72166666666666, 33.19]]], [[[120.88666666666667, 33.19], [120.88666666666667, 33.185], [120.89125, 33.185], [120.89125, 33.19], [120.88666666666667, 33.19]]], [[[120.91416666666667, 33.185], [120.91416666666667, 33.18], [120.91875, 33.18], [120.91875, 33.185], [120.91416666666667, 33.185]]], [[[120.92333333333333, 33.185], [120.92333333333333, 33.18], [120.92791666666668, 33.18], [120.92791666666668, 33.185], [120.92333333333333, 33.185]]], [[[120.98291666666667, 33.185], [120.98291666666667, 33.18], [120.9875, 33.18], [120.9875, 33.185], [120.98291666666667, 33.185]]], [[[121.00583333333334, 33.185], [121.00583333333334, 33.18], [121.01041666666667, 33.18], [121.01041666666667, 33.185], [121.00583333333334, 33.185]]], [[[121.01958333333333, 33.185], [121.01958333333333, 33.18], [121.02416666666667, 33.18], [121.02416666666667, 33.185], [121.01958333333333, 33.185]]], [[[120.68958333333333, 33.18], [120.68958333333333, 33.175], [120.69416666666666, 33.175], [120.69416666666666, 33.18], [120.68958333333333, 33.18]]], [[[120.80416666666667, 33.18], [120.80416666666667, 33.175], [120.80875, 33.175], [120.80875, 33.18], [120.80416666666667, 33.18]]], [[[120.85916666666667, 33.18], [120.85916666666667, 33.175], [120.87291666666667, 33.175], [120.87291666666667, 33.18], [120.85916666666667, 33.18]]], [[[120.88666666666667, 33.18], [120.88666666666667, 33.175], [120.89125, 33.175], [120.89125, 33.18], [120.88666666666667, 33.18]]], [[[120.91875, 33.18], [120.91875, 33.175], [120.92333333333333, 33.175], [120.92333333333333, 33.18], [120.91875, 33.18]]], [[[121.04708333333333, 33.18], [121.04708333333333, 33.175], [121.05166666666668, 33.175], [121.05166666666668, 33.18], [121.04708333333333, 33.18]]], [[[121.015, 33.175], [121.015, 33.17], [121.01958333333333, 33.17], [121.01958333333333, 33.175], [121.015, 33.175]]], [[[121.08833333333334, 33.175], [121.08833333333334, 33.17], [121.09291666666667, 33.17], [121.09291666666667, 33.175], [121.08833333333334, 33.175]]], [[[120.69416666666666, 33.17], [120.69416666666666, 33.165], [120.69875, 33.165], [120.69875, 33.17], [120.69416666666666, 33.17]]], [[[120.73541666666667, 33.17], [120.73541666666667, 33.165], [120.74, 33.165], [120.74, 33.17], [120.73541666666667, 33.17]]], [[[120.74916666666667, 33.17], [120.74916666666667, 33.165], [120.75375, 33.165], [120.75375, 33.17], [120.74916666666667, 33.17]]], [[[120.86375, 33.17], [120.86375, 33.165], [120.86833333333334, 33.165], [120.86833333333334, 33.17], [120.86375, 33.17]]], [[[120.8775, 33.17], [120.8775, 33.165], [120.88208333333334, 33.165], [120.88208333333334, 33.17], [120.8775, 33.17]]], [[[120.58875, 33.165], [120.58875, 33.16], [120.59333333333333, 33.16], [120.59333333333333, 33.165], [120.58875, 33.165]]], [[[120.7125, 33.165], [120.7125, 33.16], [120.71708333333333, 33.16], [120.71708333333333, 33.165], [120.7125, 33.165]]], [[[120.87291666666667, 33.165], [120.87291666666667, 33.16], [120.8775, 33.16], [120.8775, 33.165], [120.87291666666667, 33.165]]], [[[120.90041666666667, 33.165], [120.90041666666667, 33.16], [120.905, 33.16], [120.905, 33.165], [120.90041666666667, 33.165]]], [[[120.77666666666667, 33.16], [120.77666666666667, 33.155], [120.78125, 33.155], [120.78125, 33.16], [120.77666666666667, 33.16]]], [[[120.89583333333333, 33.16], [120.89583333333333, 33.155], [120.90041666666667, 33.155], [120.90041666666667, 33.16], [120.89583333333333, 33.16]]], [[[121.03791666666667, 33.16], [121.03791666666667, 33.155], [121.0425, 33.155], [121.0425, 33.16], [121.03791666666667, 33.16]]], [[[121.06083333333333, 33.16], [121.06083333333333, 33.155], [121.06541666666666, 33.155], [121.06541666666666, 33.16], [121.06083333333333, 33.16]]], [[[120.75375, 33.16], [120.75375, 33.15], [120.75833333333334, 33.15], [120.75833333333334, 33.16], [120.75375, 33.16]]], [[[120.59791666666666, 33.155], [120.59791666666666, 33.15], [120.6025, 33.15], [120.6025, 33.155], [120.59791666666666, 33.155]]], [[[120.84083333333334, 33.155], [120.84083333333334, 33.15], [120.84541666666667, 33.15], [120.84541666666667, 33.155], [120.84083333333334, 33.155]]], [[[120.88666666666667, 33.155], [120.88666666666667, 33.15], [120.89125, 33.15], [120.89125, 33.155], [120.88666666666667, 33.155]]], [[[120.60708333333334, 33.155], [120.60708333333334, 33.144999999999996], [120.61166666666666, 33.144999999999996], [120.61166666666666, 33.155], [120.60708333333334, 33.155]]], [[[120.9325, 33.15], [120.9325, 33.144999999999996], [120.93708333333333, 33.144999999999996], [120.93708333333333, 33.15], [120.9325, 33.15]]], [[[121.015, 33.15], [121.015, 33.144999999999996], [121.01958333333333, 33.144999999999996], [121.01958333333333, 33.15], [121.015, 33.15]]], [[[120.68041666666667, 33.144999999999996], [120.68041666666667, 33.14], [120.68958333333333, 33.14], [120.68958333333333, 33.144999999999996], [120.68041666666667, 33.144999999999996]]], [[[120.92791666666668, 33.144999999999996], [120.92791666666668, 33.14], [120.9325, 33.14], [120.9325, 33.144999999999996], [120.92791666666668, 33.144999999999996]]], [[[121.12958333333334, 33.144999999999996], [121.12958333333334, 33.14], [121.13416666666667, 33.14], [121.13416666666667, 33.144999999999996], [121.12958333333334, 33.144999999999996]]], [[[120.65291666666667, 33.14], [120.65291666666667, 33.135], [120.6575, 33.135], [120.6575, 33.14], [120.65291666666667, 33.14]]], [[[120.69416666666666, 33.14], [120.69416666666666, 33.135], [120.69875, 33.135], [120.69875, 33.14], [120.69416666666666, 33.14]]], [[[120.70791666666666, 33.14], [120.70791666666666, 33.135], [120.7125, 33.135], [120.7125, 33.14], [120.70791666666666, 33.14]]], [[[120.74916666666667, 33.14], [120.74916666666667, 33.135], [120.75375, 33.135], [120.75375, 33.14], [120.74916666666667, 33.14]]], [[[120.81791666666666, 33.14], [120.81791666666666, 33.135], [120.8225, 33.135], [120.8225, 33.14], [120.81791666666666, 33.14]]], [[[120.85, 33.14], [120.85, 33.135], [120.85458333333334, 33.135], [120.85458333333334, 33.14], [120.85, 33.14]]], [[[120.905, 33.14], [120.905, 33.135], [120.90958333333333, 33.135], [120.90958333333333, 33.14], [120.905, 33.14]]], [[[120.95541666666666, 33.14], [120.95541666666666, 33.135], [120.96000000000001, 33.135], [120.96000000000001, 33.14], [120.95541666666666, 33.14]]], [[[121.02416666666667, 33.14], [121.02416666666667, 33.135], [121.02875, 33.135], [121.02875, 33.14], [121.02416666666667, 33.14]]], [[[121.05166666666668, 33.14], [121.05166666666668, 33.135], [121.05625, 33.135], [121.05625, 33.14], [121.05166666666668, 33.14]]], [[[120.56125, 33.135], [120.56125, 33.13], [120.56583333333333, 33.13], [120.56583333333333, 33.135], [120.56125, 33.135]]], [[[120.64833333333333, 33.135], [120.64833333333333, 33.13], [120.65291666666667, 33.13], [120.65291666666667, 33.135], [120.64833333333333, 33.135]]], [[[120.78125, 33.135], [120.78125, 33.13], [120.78583333333333, 33.13], [120.78583333333333, 33.135], [120.78125, 33.135]]], [[[120.795, 33.135], [120.795, 33.13], [120.79958333333333, 33.13], [120.79958333333333, 33.135], [120.795, 33.135]]], [[[120.85916666666667, 33.135], [120.85916666666667, 33.13], [120.86375, 33.13], [120.86375, 33.135], [120.85916666666667, 33.135]]], [[[120.73541666666667, 33.135], [120.73541666666667, 33.125], [120.74, 33.125], [120.74, 33.135], [120.73541666666667, 33.135]]], [[[120.67125, 33.13], [120.67125, 33.125], [120.67583333333333, 33.125], [120.67583333333333, 33.13], [120.67125, 33.13]]], [[[120.80875, 33.13], [120.80875, 33.125], [120.81333333333333, 33.125], [120.81333333333333, 33.13], [120.80875, 33.13]]], [[[121.07916666666667, 33.13], [121.07916666666667, 33.125], [121.08375000000001, 33.125], [121.08375000000001, 33.13], [121.07916666666667, 33.13]]], [[[121.10666666666667, 33.13], [121.10666666666667, 33.125], [121.11125, 33.125], [121.11125, 33.13], [121.10666666666667, 33.13]]], [[[120.69416666666666, 33.125], [120.69416666666666, 33.12], [120.69875, 33.12], [120.69875, 33.125], [120.69416666666666, 33.125]]], [[[120.94625, 33.125], [120.94625, 33.12], [120.95083333333334, 33.12], [120.95083333333334, 33.125], [120.94625, 33.125]]], [[[121.12958333333334, 33.125], [121.12958333333334, 33.12], [121.13416666666667, 33.12], [121.13416666666667, 33.125], [121.12958333333334, 33.125]]], [[[120.60708333333334, 33.12], [120.60708333333334, 33.115], [120.61166666666666, 33.115], [120.61166666666666, 33.12], [120.60708333333334, 33.12]]], [[[120.75833333333334, 33.12], [120.75833333333334, 33.115], [120.76291666666667, 33.115], [120.76291666666667, 33.12], [120.75833333333334, 33.12]]], [[[120.77666666666667, 33.12], [120.77666666666667, 33.115], [120.78125, 33.115], [120.78125, 33.12], [120.77666666666667, 33.12]]], [[[120.89583333333333, 33.12], [120.89583333333333, 33.115], [120.90041666666667, 33.115], [120.90041666666667, 33.12], [120.89583333333333, 33.12]]], [[[120.91875, 33.12], [120.91875, 33.115], [120.92333333333333, 33.115], [120.92333333333333, 33.12], [120.91875, 33.12]]], [[[120.96000000000001, 33.12], [120.96000000000001, 33.115], [120.96458333333334, 33.115], [120.96458333333334, 33.12], [120.96000000000001, 33.12]]], [[[121.0975, 33.12], [121.0975, 33.115], [121.10208333333334, 33.115], [121.10208333333334, 33.12], [121.0975, 33.12]]], [[[120.82708333333333, 33.12], [120.82708333333333, 33.11], [120.83166666666666, 33.11], [120.83166666666666, 33.12], [120.82708333333333, 33.12]]], [[[120.56583333333333, 33.115], [120.56583333333333, 33.11], [120.57041666666666, 33.11], [120.57041666666666, 33.115], [120.56583333333333, 33.115]]], [[[120.63916666666667, 33.115], [120.63916666666667, 33.11], [120.64375, 33.11], [120.64375, 33.115], [120.63916666666667, 33.115]]], [[[120.96458333333334, 33.115], [120.96458333333334, 33.11], [120.96916666666667, 33.11], [120.96916666666667, 33.115], [120.96458333333334, 33.115]]], [[[121.01958333333333, 33.115], [121.01958333333333, 33.11], [121.02416666666667, 33.11], [121.02416666666667, 33.115], [121.01958333333333, 33.115]]], [[[121.07458333333334, 33.115], [121.07458333333334, 33.11], [121.07916666666667, 33.11], [121.07916666666667, 33.115], [121.07458333333334, 33.115]]], [[[121.10208333333334, 33.115], [121.10208333333334, 33.11], [121.10666666666667, 33.11], [121.10666666666667, 33.115], [121.10208333333334, 33.115]]], [[[121.17083333333333, 33.115], [121.17083333333333, 33.11], [121.17541666666668, 33.11], [121.17541666666668, 33.115], [121.17083333333333, 33.115]]], [[[120.95083333333334, 33.11], [120.95083333333334, 33.105], [120.95541666666666, 33.105], [120.95541666666666, 33.11], [120.95083333333334, 33.11]]], [[[121.05166666666668, 33.11], [121.05166666666668, 33.105], [121.05625, 33.105], [121.05625, 33.11], [121.05166666666668, 33.11]]], [[[120.86375, 33.11], [120.86375, 33.1], [120.87291666666667, 33.1], [120.87291666666667, 33.105], [120.86833333333334, 33.105], [120.86833333333334, 33.11], [120.86375, 33.11]]], [[[120.92333333333333, 33.105], [120.92333333333333, 33.1], [120.92791666666668, 33.1], [120.92791666666668, 33.105], [120.92333333333333, 33.105]]], [[[121.0425, 33.105], [121.0425, 33.1], [121.04708333333333, 33.1], [121.04708333333333, 33.105], [121.0425, 33.105]]], [[[121.10208333333334, 33.105], [121.10208333333334, 33.1], [121.10666666666667, 33.1], [121.10666666666667, 33.105], [121.10208333333334, 33.105]]], [[[120.62541666666667, 33.1], [120.62541666666667, 33.095], [120.63, 33.095], [120.63, 33.1], [120.62541666666667, 33.1]]], [[[120.82708333333333, 33.1], [120.82708333333333, 33.095], [120.83166666666666, 33.095], [120.83166666666666, 33.1], [120.82708333333333, 33.1]]], [[[121.02416666666667, 33.1], [121.02416666666667, 33.095], [121.02875, 33.095], [121.02875, 33.1], [121.02416666666667, 33.1]]], [[[121.08375000000001, 33.1], [121.08375000000001, 33.095], [121.08833333333334, 33.095], [121.08833333333334, 33.1], [121.08375000000001, 33.1]]], [[[120.57041666666666, 33.095], [120.57041666666666, 33.089999999999996], [120.575, 33.089999999999996], [120.575, 33.095], [120.57041666666666, 33.095]]], [[[120.64375, 33.095], [120.64375, 33.089999999999996], [120.64833333333333, 33.089999999999996], [120.64833333333333, 33.095], [120.64375, 33.095]]], [[[120.84083333333334, 33.095], [120.84083333333334, 33.089999999999996], [120.84541666666667, 33.089999999999996], [120.84541666666667, 33.095], [120.84083333333334, 33.095]]], [[[120.87291666666667, 33.095], [120.87291666666667, 33.089999999999996], [120.8775, 33.089999999999996], [120.8775, 33.095], [120.87291666666667, 33.095]]], [[[120.94625, 33.095], [120.94625, 33.089999999999996], [120.95083333333334, 33.089999999999996], [120.95083333333334, 33.095], [120.94625, 33.095]]], [[[120.96458333333334, 33.095], [120.96458333333334, 33.089999999999996], [120.96916666666667, 33.089999999999996], [120.96916666666667, 33.095], [120.96458333333334, 33.095]]], [[[121.05166666666668, 33.095], [121.05166666666668, 33.089999999999996], [121.05625, 33.089999999999996], [121.05625, 33.095], [121.05166666666668, 33.095]]], [[[120.57041666666666, 33.085], [120.57041666666666, 33.08], [120.575, 33.08], [120.575, 33.085], [120.57041666666666, 33.085]]], [[[120.64833333333333, 33.085], [120.64833333333333, 33.08], [120.65291666666667, 33.08], [120.65291666666667, 33.085], [120.64833333333333, 33.085]]], [[[120.68958333333333, 33.085], [120.68958333333333, 33.08], [120.69416666666666, 33.08], [120.69416666666666, 33.085], [120.68958333333333, 33.085]]], [[[120.9325, 33.085], [120.9325, 33.08], [120.93708333333333, 33.08], [120.93708333333333, 33.085], [120.9325, 33.085]]], [[[120.94166666666666, 33.085], [120.94166666666666, 33.08], [120.94625, 33.08], [120.94625, 33.085], [120.94166666666666, 33.085]]], [[[121.04708333333333, 33.085], [121.04708333333333, 33.08], [121.05166666666668, 33.08], [121.05166666666668, 33.085], [121.04708333333333, 33.085]]], [[[121.11583333333334, 33.085], [121.11583333333334, 33.08], [121.12041666666667, 33.08], [121.12041666666667, 33.085], [121.11583333333334, 33.085]]], [[[121.14791666666667, 33.085], [121.14791666666667, 33.08], [121.1525, 33.08], [121.1525, 33.085], [121.14791666666667, 33.085]]], [[[120.53833333333333, 33.08], [120.53833333333333, 33.075], [120.54291666666667, 33.075], [120.54291666666667, 33.08], [120.53833333333333, 33.08]]], [[[121.02875, 33.08], [121.02875, 33.075], [121.03333333333333, 33.075], [121.03333333333333, 33.08], [121.02875, 33.08]]], [[[121.07458333333334, 33.08], [121.07458333333334, 33.075], [121.07916666666667, 33.075], [121.07916666666667, 33.08], [121.07458333333334, 33.08]]], [[[121.12958333333334, 33.08], [121.12958333333334, 33.075], [121.13416666666667, 33.075], [121.13416666666667, 33.08], [121.12958333333334, 33.08]]], [[[120.5475, 33.075], [120.5475, 33.07], [120.55208333333333, 33.07], [120.55208333333333, 33.075], [120.5475, 33.075]]], [[[120.69416666666666, 33.075], [120.69416666666666, 33.07], [120.69875, 33.07], [120.69875, 33.075], [120.69416666666666, 33.075]]], [[[120.75833333333334, 33.075], [120.75833333333334, 33.07], [120.76291666666667, 33.07], [120.76291666666667, 33.075], [120.75833333333334, 33.075]]], [[[120.8225, 33.075], [120.8225, 33.07], [120.82708333333333, 33.07], [120.82708333333333, 33.075], [120.8225, 33.075]]], [[[120.94625, 33.075], [120.94625, 33.07], [120.95083333333334, 33.07], [120.95083333333334, 33.075], [120.94625, 33.075]]], [[[121.0425, 33.075], [121.0425, 33.07], [121.04708333333333, 33.07], [121.04708333333333, 33.075], [121.0425, 33.075]]], [[[121.16625, 33.075], [121.16625, 33.07], [121.17083333333333, 33.07], [121.17083333333333, 33.075], [121.16625, 33.075]]], [[[121.18458333333334, 33.075], [121.18458333333334, 33.07], [121.18916666666667, 33.07], [121.18916666666667, 33.075], [121.18458333333334, 33.075]]], [[[120.51541666666667, 33.07], [120.51541666666667, 33.065], [120.52, 33.065], [120.52, 33.07], [120.51541666666667, 33.07]]], [[[120.52916666666667, 33.07], [120.52916666666667, 33.065], [120.53375, 33.065], [120.53375, 33.07], [120.52916666666667, 33.07]]], [[[120.77666666666667, 33.07], [120.77666666666667, 33.065], [120.78125, 33.065], [120.78125, 33.07], [120.77666666666667, 33.07]]], [[[121.00583333333334, 33.07], [121.00583333333334, 33.065], [121.01041666666667, 33.065], [121.01041666666667, 33.07], [121.00583333333334, 33.07]]], [[[120.58416666666666, 33.07], [120.58416666666666, 33.06], [120.58875, 33.06], [120.58875, 33.07], [120.58416666666666, 33.07]]], [[[120.69875, 33.07], [120.69875, 33.06], [120.70333333333333, 33.06], [120.70333333333333, 33.065], [120.70791666666666, 33.065], [120.70791666666666, 33.07], [120.69875, 33.07]]], [[[120.53375, 33.065], [120.53375, 33.06], [120.53833333333333, 33.06], [120.53833333333333, 33.065], [120.53375, 33.065]]], [[[120.73083333333334, 33.065], [120.73083333333334, 33.06], [120.73541666666667, 33.06], [120.73541666666667, 33.065], [120.73083333333334, 33.065]]], [[[120.74, 33.065], [120.74, 33.06], [120.74458333333334, 33.06], [120.74458333333334, 33.065], [120.74, 33.065]]], [[[121.10666666666667, 33.065], [121.10666666666667, 33.06], [121.11125, 33.06], [121.11125, 33.065], [121.10666666666667, 33.065]]], [[[120.57041666666666, 33.06], [120.57041666666666, 33.055], [120.58416666666666, 33.055], [120.58416666666666, 33.06], [120.57041666666666, 33.06]]], [[[120.87291666666667, 33.06], [120.87291666666667, 33.055], [120.8775, 33.055], [120.8775, 33.06], [120.87291666666667, 33.06]]], [[[121.02875, 33.06], [121.02875, 33.055], [121.03333333333333, 33.055], [121.03333333333333, 33.06], [121.02875, 33.06]]], [[[120.91875, 33.06], [120.91875, 33.05], [120.92333333333333, 33.05], [120.92333333333333, 33.06], [120.91875, 33.06]]], [[[120.63458333333334, 33.055], [120.63458333333334, 33.05], [120.63916666666667, 33.05], [120.63916666666667, 33.055], [120.63458333333334, 33.055]]], [[[120.74916666666667, 33.055], [120.74916666666667, 33.05], [120.75375, 33.05], [120.75375, 33.055], [120.74916666666667, 33.055]]], [[[120.78125, 33.055], [120.78125, 33.05], [120.78583333333333, 33.05], [120.78583333333333, 33.055], [120.78125, 33.055]]], [[[120.8225, 33.055], [120.8225, 33.05], [120.82708333333333, 33.05], [120.82708333333333, 33.055], [120.8225, 33.055]]], [[[120.89125, 33.055], [120.89125, 33.05], [120.89583333333333, 33.05], [120.89583333333333, 33.055], [120.89125, 33.055]]], [[[121.00125, 33.055], [121.00125, 33.05], [121.00583333333334, 33.05], [121.00583333333334, 33.055], [121.00125, 33.055]]], [[[121.01958333333333, 33.055], [121.01958333333333, 33.05], [121.02416666666667, 33.05], [121.02416666666667, 33.055], [121.01958333333333, 33.055]]], [[[121.03791666666667, 33.055], [121.03791666666667, 33.05], [121.0425, 33.05], [121.0425, 33.055], [121.03791666666667, 33.055]]], [[[121.05166666666668, 33.055], [121.05166666666668, 33.05], [121.05625, 33.05], [121.05625, 33.055], [121.05166666666668, 33.055]]], [[[120.58416666666666, 33.05], [120.58416666666666, 33.045], [120.58875, 33.045], [120.58875, 33.05], [120.58416666666666, 33.05]]], [[[120.70333333333333, 33.05], [120.70333333333333, 33.045], [120.70791666666666, 33.045], [120.70791666666666, 33.05], [120.70333333333333, 33.05]]], [[[120.795, 33.05], [120.795, 33.045], [120.79958333333333, 33.045], [120.79958333333333, 33.05], [120.795, 33.05]]], [[[120.81333333333333, 33.05], [120.81333333333333, 33.045], [120.81791666666666, 33.045], [120.81791666666666, 33.05], [120.81333333333333, 33.05]]], [[[121.07458333333334, 33.05], [121.07458333333334, 33.045], [121.07916666666667, 33.045], [121.07916666666667, 33.05], [121.07458333333334, 33.05]]], [[[121.10666666666667, 33.05], [121.10666666666667, 33.045], [121.11125, 33.045], [121.11125, 33.05], [121.10666666666667, 33.05]]], [[[121.15708333333333, 33.05], [121.15708333333333, 33.045], [121.16166666666668, 33.045], [121.16166666666668, 33.05], [121.15708333333333, 33.05]]], [[[121.19833333333334, 33.05], [121.19833333333334, 33.045], [121.20291666666667, 33.045], [121.20291666666667, 33.05], [121.19833333333334, 33.05]]], [[[120.72625000000001, 33.045], [120.72625000000001, 33.04], [120.73083333333334, 33.04], [120.73083333333334, 33.045], [120.72625000000001, 33.045]]], [[[120.84083333333334, 33.045], [120.84083333333334, 33.04], [120.84541666666667, 33.04], [120.84541666666667, 33.045], [120.84083333333334, 33.045]]], [[[120.85916666666667, 33.045], [120.85916666666667, 33.04], [120.86375, 33.04], [120.86375, 33.045], [120.85916666666667, 33.045]]], [[[120.86833333333334, 33.045], [120.86833333333334, 33.04], [120.87291666666667, 33.04], [120.87291666666667, 33.045], [120.86833333333334, 33.045]]], [[[121.07916666666667, 33.045], [121.07916666666667, 33.04], [121.08375000000001, 33.04], [121.08375000000001, 33.045], [121.07916666666667, 33.045]]], [[[120.50166666666667, 33.04], [120.50166666666667, 33.035], [120.50625, 33.035], [120.50625, 33.04], [120.50166666666667, 33.04]]], [[[120.62541666666667, 33.04], [120.62541666666667, 33.035], [120.63, 33.035], [120.63, 33.04], [120.62541666666667, 33.04]]], [[[120.68958333333333, 33.04], [120.68958333333333, 33.035], [120.69416666666666, 33.035], [120.69416666666666, 33.04], [120.68958333333333, 33.04]]], [[[120.87291666666667, 33.04], [120.87291666666667, 33.035], [120.8775, 33.035], [120.8775, 33.04], [120.87291666666667, 33.04]]], [[[121.09291666666667, 33.04], [121.09291666666667, 33.035], [121.0975, 33.035], [121.0975, 33.04], [121.09291666666667, 33.04]]], [[[120.55666666666667, 33.035], [120.55666666666667, 33.03], [120.56125, 33.03], [120.56125, 33.035], [120.55666666666667, 33.035]]], [[[120.59333333333333, 33.035], [120.59333333333333, 33.03], [120.59791666666666, 33.03], [120.59791666666666, 33.035], [120.59333333333333, 33.035]]], [[[120.65291666666667, 33.035], [120.65291666666667, 33.03], [120.6575, 33.03], [120.6575, 33.035], [120.65291666666667, 33.035]]], [[[120.74, 33.035], [120.74, 33.03], [120.74458333333334, 33.03], [120.74458333333334, 33.035], [120.74, 33.035]]], [[[121.02875, 33.035], [121.02875, 33.03], [121.03333333333333, 33.03], [121.03333333333333, 33.035], [121.02875, 33.035]]], [[[121.14791666666667, 33.035], [121.14791666666667, 33.03], [121.1525, 33.03], [121.1525, 33.035], [121.14791666666667, 33.035]]], [[[120.96458333333334, 33.04], [120.96458333333334, 33.025], [120.96916666666667, 33.025], [120.96916666666667, 33.04], [120.96458333333334, 33.04]]], [[[120.51541666666667, 33.03], [120.51541666666667, 33.025], [120.52, 33.025], [120.52, 33.03], [120.51541666666667, 33.03]]], [[[120.54291666666667, 33.03], [120.54291666666667, 33.025], [120.5475, 33.025], [120.5475, 33.03], [120.54291666666667, 33.03]]], [[[120.63, 33.03], [120.63, 33.025], [120.63458333333334, 33.025], [120.63458333333334, 33.03], [120.63, 33.03]]], [[[120.6575, 33.03], [120.6575, 33.025], [120.66208333333333, 33.025], [120.66208333333333, 33.03], [120.6575, 33.03]]], [[[120.82708333333333, 33.03], [120.82708333333333, 33.025], [120.83166666666666, 33.025], [120.83166666666666, 33.03], [120.82708333333333, 33.03]]], [[[120.90041666666667, 33.03], [120.90041666666667, 33.025], [120.905, 33.025], [120.905, 33.03], [120.90041666666667, 33.03]]], [[[120.93708333333333, 33.03], [120.93708333333333, 33.025], [120.94625, 33.025], [120.94625, 33.03], [120.93708333333333, 33.03]]], [[[120.99208333333334, 33.03], [120.99208333333334, 33.025], [120.99666666666667, 33.025], [120.99666666666667, 33.03], [120.99208333333334, 33.03]]], [[[121.11125, 33.03], [121.11125, 33.025], [121.11583333333334, 33.025], [121.11583333333334, 33.03], [121.11125, 33.03]]], [[[120.69416666666666, 33.025], [120.69416666666666, 33.02], [120.69875, 33.02], [120.69875, 33.025], [120.69416666666666, 33.025]]], [[[120.7125, 33.025], [120.7125, 33.02], [120.71708333333333, 33.02], [120.71708333333333, 33.025], [120.7125, 33.025]]], [[[120.83625, 33.025], [120.83625, 33.02], [120.84083333333334, 33.02], [120.84083333333334, 33.025], [120.83625, 33.025]]], [[[121.15708333333333, 33.025], [121.15708333333333, 33.02], [121.16166666666668, 33.02], [121.16166666666668, 33.025], [121.15708333333333, 33.025]]], [[[121.015, 33.025], [121.015, 33.015], [121.01958333333333, 33.015], [121.01958333333333, 33.025], [121.015, 33.025]]], [[[120.55666666666667, 33.02], [120.55666666666667, 33.015], [120.56125, 33.015], [120.56125, 33.02], [120.55666666666667, 33.02]]], [[[121.13875, 33.02], [121.13875, 33.015], [121.14333333333333, 33.015], [121.14333333333333, 33.02], [121.13875, 33.02]]], [[[120.84541666666667, 33.02], [120.84541666666667, 33.01], [120.85, 33.01], [120.85, 33.02], [120.84541666666667, 33.02]]], [[[120.48333333333333, 33.015], [120.48333333333333, 33.01], [120.48791666666666, 33.01], [120.48791666666666, 33.015], [120.48333333333333, 33.015]]], [[[120.51541666666667, 33.015], [120.51541666666667, 33.01], [120.52, 33.01], [120.52, 33.015], [120.51541666666667, 33.015]]], [[[120.78583333333333, 33.015], [120.78583333333333, 33.01], [120.79041666666667, 33.01], [120.79041666666667, 33.015], [120.78583333333333, 33.015]]], [[[120.88666666666667, 33.015], [120.88666666666667, 33.01], [120.89125, 33.01], [120.89125, 33.015], [120.88666666666667, 33.015]]], [[[120.9325, 33.015], [120.9325, 33.01], [120.93708333333333, 33.01], [120.93708333333333, 33.015], [120.9325, 33.015]]], [[[121.07458333333334, 33.015], [121.07458333333334, 33.01], [121.08375000000001, 33.01], [121.08375000000001, 33.015], [121.07458333333334, 33.015]]], [[[120.95083333333334, 33.015], [120.95083333333334, 33.005], [120.95541666666666, 33.005], [120.95541666666666, 33.015], [120.95083333333334, 33.015]]], [[[121.11125, 33.015], [121.11125, 33.005], [121.11583333333334, 33.005], [121.11583333333334, 33.015], [121.11125, 33.015]]], [[[120.50166666666667, 33.01], [120.50166666666667, 33.005], [120.50625, 33.005], [120.50625, 33.01], [120.50166666666667, 33.01]]], [[[120.685, 33.01], [120.685, 33.005], [120.68958333333333, 33.005], [120.68958333333333, 33.01], [120.685, 33.01]]], [[[120.69416666666666, 33.01], [120.69416666666666, 33.005], [120.69875, 33.005], [120.69875, 33.01], [120.69416666666666, 33.01]]], [[[120.96458333333334, 33.01], [120.96458333333334, 33.005], [120.96916666666667, 33.005], [120.96916666666667, 33.01], [120.96458333333334, 33.01]]], [[[121.05166666666668, 33.01], [121.05166666666668, 33.005], [121.05625, 33.005], [121.05625, 33.01], [121.05166666666668, 33.01]]], [[[121.14333333333333, 33.01], [121.14333333333333, 33.005], [121.14791666666667, 33.005], [121.14791666666667, 33.01], [121.14333333333333, 33.01]]], [[[120.68958333333333, 33.005], [120.68958333333333, 33.0], [120.69416666666666, 33.0], [120.69416666666666, 33.005], [120.68958333333333, 33.005]]], [[[120.70791666666666, 33.005], [120.70791666666666, 33.0], [120.7125, 33.0], [120.7125, 33.005], [120.70791666666666, 33.005]]], [[[120.74, 33.005], [120.74, 33.0], [120.74458333333334, 33.0], [120.74458333333334, 33.005], [120.74, 33.005]]], [[[121.02416666666667, 33.005], [121.02416666666667, 33.0], [121.02875, 33.0], [121.02875, 33.005], [121.02416666666667, 33.005]]], [[[121.07916666666667, 33.005], [121.07916666666667, 33.0], [121.08375000000001, 33.0], [121.08375000000001, 33.005], [121.07916666666667, 33.005]]], [[[121.17083333333333, 33.005], [121.17083333333333, 33.0], [121.17541666666668, 33.0], [121.17541666666668, 33.005], [121.17083333333333, 33.005]]], [[[121.19833333333334, 33.005], [121.19833333333334, 33.0], [121.20291666666667, 33.0], [121.20291666666667, 33.005], [121.19833333333334, 33.005]]], [[[120.62083333333334, 33.0], [120.62083333333334, 32.995], [120.62541666666667, 32.995], [120.62541666666667, 33.0], [120.62083333333334, 33.0]]], [[[120.71708333333333, 33.0], [120.71708333333333, 32.995], [120.72166666666666, 32.995], [120.72166666666666, 33.0], [120.71708333333333, 33.0]]], [[[120.76291666666667, 33.0], [120.76291666666667, 32.995], [120.7675, 32.995], [120.7675, 33.0], [120.76291666666667, 33.0]]], [[[120.80875, 33.0], [120.80875, 32.995], [120.81333333333333, 32.995], [120.81333333333333, 33.0], [120.80875, 33.0]]], [[[120.86833333333334, 33.0], [120.86833333333334, 32.995], [120.87291666666667, 32.995], [120.87291666666667, 33.0], [120.86833333333334, 33.0]]], [[[121.11125, 33.0], [121.11125, 32.995], [121.11583333333334, 32.995], [121.11583333333334, 33.0], [121.11125, 33.0]]], [[[120.63, 32.995], [120.63, 32.99], [120.63458333333334, 32.99], [120.63458333333334, 32.995], [120.63, 32.995]]], [[[120.69416666666666, 32.995], [120.69416666666666, 32.99], [120.69875, 32.99], [120.69875, 32.995], [120.69416666666666, 32.995]]], [[[120.70791666666666, 32.995], [120.70791666666666, 32.99], [120.7125, 32.99], [120.7125, 32.995], [120.70791666666666, 32.995]]], [[[120.88208333333334, 32.995], [120.88208333333334, 32.99], [120.88666666666667, 32.99], [120.88666666666667, 32.995], [120.88208333333334, 32.995]]], [[[120.94166666666666, 32.995], [120.94166666666666, 32.99], [120.94625, 32.99], [120.94625, 32.995], [120.94166666666666, 32.995]]], [[[120.99666666666667, 32.995], [120.99666666666667, 32.99], [121.00125, 32.99], [121.00125, 32.995], [120.99666666666667, 32.995]]], [[[121.03791666666667, 32.995], [121.03791666666667, 32.99], [121.0425, 32.99], [121.0425, 32.995], [121.03791666666667, 32.995]]], [[[121.13875, 32.995], [121.13875, 32.99], [121.14333333333333, 32.99], [121.14333333333333, 32.995], [121.13875, 32.995]]], [[[120.61625, 32.99], [120.61625, 32.985], [120.62083333333334, 32.985], [120.62083333333334, 32.99], [120.61625, 32.99]]], [[[120.97833333333334, 32.99], [120.97833333333334, 32.985], [120.98291666666667, 32.985], [120.98291666666667, 32.99], [120.97833333333334, 32.99]]], [[[120.99208333333334, 32.99], [120.99208333333334, 32.985], [120.99666666666667, 32.985], [120.99666666666667, 32.99], [120.99208333333334, 32.99]]], [[[121.12958333333334, 32.99], [121.12958333333334, 32.985], [121.13416666666667, 32.985], [121.13416666666667, 32.99], [121.12958333333334, 32.99]]], [[[120.50166666666667, 32.985], [120.50166666666667, 32.98], [120.50625, 32.98], [120.50625, 32.985], [120.50166666666667, 32.985]]], [[[120.51083333333334, 32.985], [120.51083333333334, 32.98], [120.51541666666667, 32.98], [120.51541666666667, 32.985], [120.51083333333334, 32.985]]], [[[120.575, 32.985], [120.575, 32.98], [120.57958333333333, 32.98], [120.57958333333333, 32.985], [120.575, 32.985]]], [[[120.59333333333333, 32.985], [120.59333333333333, 32.98], [120.59791666666666, 32.98], [120.59791666666666, 32.985], [120.59333333333333, 32.985]]], [[[120.67583333333333, 32.985], [120.67583333333333, 32.98], [120.68041666666667, 32.98], [120.68041666666667, 32.985], [120.67583333333333, 32.985]]], [[[120.74, 32.985], [120.74, 32.98], [120.74458333333334, 32.98], [120.74458333333334, 32.985], [120.74, 32.985]]], [[[120.905, 32.985], [120.905, 32.98], [120.90958333333333, 32.98], [120.90958333333333, 32.985], [120.905, 32.985]]], [[[121.00125, 32.985], [121.00125, 32.98], [121.00583333333334, 32.98], [121.00583333333334, 32.985], [121.00125, 32.985]]], [[[121.05625, 32.985], [121.05625, 32.98], [121.06083333333333, 32.98], [121.06083333333333, 32.985], [121.05625, 32.985]]], [[[121.10208333333334, 32.985], [121.10208333333334, 32.98], [121.10666666666667, 32.98], [121.10666666666667, 32.985], [121.10208333333334, 32.985]]], [[[121.14333333333333, 32.985], [121.14333333333333, 32.98], [121.14791666666667, 32.98], [121.14791666666667, 32.985], [121.14333333333333, 32.985]]], [[[120.9875, 32.985], [120.9875, 32.975], [120.99208333333334, 32.975], [120.99208333333334, 32.985], [120.9875, 32.985]]], [[[120.55208333333333, 32.98], [120.55208333333333, 32.975], [120.55666666666667, 32.975], [120.55666666666667, 32.98], [120.55208333333333, 32.98]]], [[[120.67125, 32.98], [120.67125, 32.975], [120.67583333333333, 32.975], [120.67583333333333, 32.98], [120.67125, 32.98]]], [[[120.78583333333333, 32.98], [120.78583333333333, 32.975], [120.79041666666667, 32.975], [120.79041666666667, 32.98], [120.78583333333333, 32.98]]], [[[120.8225, 32.98], [120.8225, 32.975], [120.82708333333333, 32.975], [120.82708333333333, 32.98], [120.8225, 32.98]]], [[[120.84083333333334, 32.98], [120.84083333333334, 32.975], [120.84541666666667, 32.975], [120.84541666666667, 32.98], [120.84083333333334, 32.98]]], [[[120.87291666666667, 32.98], [120.87291666666667, 32.975], [120.8775, 32.975], [120.8775, 32.98], [120.87291666666667, 32.98]]], [[[120.9325, 32.98], [120.9325, 32.975], [120.93708333333333, 32.975], [120.93708333333333, 32.98], [120.9325, 32.98]]], [[[121.09291666666667, 32.98], [121.09291666666667, 32.975], [121.0975, 32.975], [121.0975, 32.98], [121.09291666666667, 32.98]]], [[[121.18458333333334, 32.98], [121.18458333333334, 32.975], [121.18916666666667, 32.975], [121.18916666666667, 32.98], [121.18458333333334, 32.98]]], [[[121.20750000000001, 32.98], [121.20750000000001, 32.975], [121.21208333333334, 32.975], [121.21208333333334, 32.98], [121.20750000000001, 32.98]]], [[[120.51541666666667, 32.975], [120.51541666666667, 32.97], [120.52, 32.97], [120.52, 32.975], [120.51541666666667, 32.975]]], [[[120.53375, 32.975], [120.53375, 32.97], [120.53833333333333, 32.97], [120.53833333333333, 32.975], [120.53375, 32.975]]], [[[120.80416666666667, 32.975], [120.80416666666667, 32.97], [120.80875, 32.97], [120.80875, 32.975], [120.80416666666667, 32.975]]], [[[120.86375, 32.975], [120.86375, 32.97], [120.86833333333334, 32.97], [120.86833333333334, 32.975], [120.86375, 32.975]]], [[[121.02875, 32.975], [121.02875, 32.97], [121.03333333333333, 32.97], [121.03333333333333, 32.975], [121.02875, 32.975]]], [[[121.1525, 32.97], [121.1525, 32.965], [121.15708333333333, 32.965], [121.15708333333333, 32.97], [121.1525, 32.97]]], [[[121.17541666666668, 32.97], [121.17541666666668, 32.965], [121.18, 32.965], [121.18, 32.97], [121.17541666666668, 32.97]]], [[[120.94166666666666, 32.965], [120.94166666666666, 32.96], [120.94625, 32.96], [120.94625, 32.965], [120.94166666666666, 32.965]]], [[[121.15708333333333, 32.965], [121.15708333333333, 32.96], [121.16166666666668, 32.96], [121.16166666666668, 32.965], [121.15708333333333, 32.965]]], [[[121.18916666666667, 32.965], [121.18916666666667, 32.96], [121.19375000000001, 32.96], [121.19375000000001, 32.965], [121.18916666666667, 32.965]]], [[[121.20750000000001, 32.965], [121.20750000000001, 32.96], [121.21208333333334, 32.96], [121.21208333333334, 32.965], [121.20750000000001, 32.965]]], [[[120.56125, 32.96], [120.56125, 32.955], [120.56583333333333, 32.955], [120.56583333333333, 32.96], [120.56125, 32.96]]], [[[120.78125, 32.96], [120.78125, 32.955], [120.78583333333333, 32.955], [120.78583333333333, 32.96], [120.78125, 32.96]]], [[[120.90041666666667, 32.96], [120.90041666666667, 32.955], [120.90958333333333, 32.955], [120.90958333333333, 32.96], [120.90041666666667, 32.96]]], [[[121.16625, 32.96], [121.16625, 32.955], [121.17083333333333, 32.955], [121.17083333333333, 32.96], [121.16625, 32.96]]], [[[120.65291666666667, 32.955], [120.65291666666667, 32.95], [120.6575, 32.95], [120.6575, 32.955], [120.65291666666667, 32.955]]], [[[120.85458333333334, 32.955], [120.85458333333334, 32.95], [120.86375, 32.95], [120.86375, 32.955], [120.85458333333334, 32.955]]], [[[120.57041666666666, 32.95], [120.57041666666666, 32.945], [120.57958333333333, 32.945], [120.57958333333333, 32.95], [120.57041666666666, 32.95]]], [[[120.73541666666667, 32.95], [120.73541666666667, 32.945], [120.74, 32.945], [120.74, 32.95], [120.73541666666667, 32.95]]], [[[120.74458333333334, 32.95], [120.74458333333334, 32.945], [120.74916666666667, 32.945], [120.74916666666667, 32.95], [120.74458333333334, 32.95]]], [[[120.9325, 32.95], [120.9325, 32.945], [120.93708333333333, 32.945], [120.93708333333333, 32.95], [120.9325, 32.95]]], [[[121.00125, 32.95], [121.00125, 32.945], [121.00583333333334, 32.945], [121.00583333333334, 32.95], [121.00125, 32.95]]], [[[121.17541666666668, 32.95], [121.17541666666668, 32.945], [121.18, 32.945], [121.18, 32.95], [121.17541666666668, 32.95]]], [[[120.52916666666667, 32.945], [120.52916666666667, 32.94], [120.53375, 32.94], [120.53375, 32.945], [120.52916666666667, 32.945]]], [[[120.57958333333333, 32.945], [120.57958333333333, 32.94], [120.58416666666666, 32.94], [120.58416666666666, 32.945], [120.57958333333333, 32.945]]], [[[120.68958333333333, 32.945], [120.68958333333333, 32.94], [120.69416666666666, 32.94], [120.69416666666666, 32.945], [120.68958333333333, 32.945]]], [[[120.84083333333334, 32.945], [120.84083333333334, 32.94], [120.84541666666667, 32.94], [120.84541666666667, 32.945], [120.84083333333334, 32.945]]], [[[120.88666666666667, 32.945], [120.88666666666667, 32.94], [120.89125, 32.94], [120.89125, 32.945], [120.88666666666667, 32.945]]], [[[120.89583333333333, 32.945], [120.89583333333333, 32.94], [120.90041666666667, 32.94], [120.90041666666667, 32.945], [120.89583333333333, 32.945]]], [[[120.92791666666668, 32.945], [120.92791666666668, 32.94], [120.9325, 32.94], [120.9325, 32.945], [120.92791666666668, 32.945]]], [[[121.08833333333334, 32.945], [121.08833333333334, 32.935], [121.09291666666667, 32.935], [121.09291666666667, 32.945], [121.08833333333334, 32.945]]], [[[120.52458333333333, 32.94], [120.52458333333333, 32.935], [120.52916666666667, 32.935], [120.52916666666667, 32.94], [120.52458333333333, 32.94]]], [[[120.55208333333333, 32.94], [120.55208333333333, 32.935], [120.55666666666667, 32.935], [120.55666666666667, 32.94], [120.55208333333333, 32.94]]], [[[120.6025, 32.94], [120.6025, 32.935], [120.60708333333334, 32.935], [120.60708333333334, 32.94], [120.6025, 32.94]]], [[[120.61625, 32.94], [120.61625, 32.935], [120.62083333333334, 32.935], [120.62083333333334, 32.94], [120.61625, 32.94]]], [[[120.63916666666667, 32.94], [120.63916666666667, 32.935], [120.64375, 32.935], [120.64375, 32.94], [120.63916666666667, 32.94]]], [[[120.67125, 32.94], [120.67125, 32.935], [120.67583333333333, 32.935], [120.67583333333333, 32.94], [120.67125, 32.94]]], [[[120.74916666666667, 32.94], [120.74916666666667, 32.935], [120.75375, 32.935], [120.75375, 32.94], [120.74916666666667, 32.94]]], [[[120.94625, 32.94], [120.94625, 32.935], [120.95083333333334, 32.935], [120.95083333333334, 32.94], [120.94625, 32.94]]], [[[121.06083333333333, 32.94], [121.06083333333333, 32.935], [121.07000000000001, 32.935], [121.07000000000001, 32.94], [121.06083333333333, 32.94]]], [[[121.18, 32.94], [121.18, 32.935], [121.18458333333334, 32.935], [121.18458333333334, 32.94], [121.18, 32.94]]], [[[120.50625, 32.935], [120.50625, 32.93], [120.51083333333334, 32.93], [120.51083333333334, 32.935], [120.50625, 32.935]]], [[[120.61166666666666, 32.935], [120.61166666666666, 32.93], [120.61625, 32.93], [120.61625, 32.935], [120.61166666666666, 32.935]]], [[[120.62541666666667, 32.935], [120.62541666666667, 32.93], [120.63, 32.93], [120.63, 32.935], [120.62541666666667, 32.935]]], [[[120.96000000000001, 32.935], [120.96000000000001, 32.93], [120.96458333333334, 32.93], [120.96458333333334, 32.935], [120.96000000000001, 32.935]]], [[[120.97375, 32.935], [120.97375, 32.93], [120.97833333333334, 32.93], [120.97833333333334, 32.935], [120.97375, 32.935]]], [[[121.00125, 32.935], [121.00125, 32.93], [121.00583333333334, 32.93], [121.00583333333334, 32.935], [121.00125, 32.935]]], [[[121.11583333333334, 32.935], [121.11583333333334, 32.93], [121.12041666666667, 32.93], [121.12041666666667, 32.935], [121.11583333333334, 32.935]]], [[[121.14791666666667, 32.935], [121.14791666666667, 32.93], [121.1525, 32.93], [121.1525, 32.935], [121.14791666666667, 32.935]]], [[[120.50166666666667, 32.93], [120.50166666666667, 32.925], [120.50625, 32.925], [120.50625, 32.93], [120.50166666666667, 32.93]]], [[[120.75833333333334, 32.93], [120.75833333333334, 32.925], [120.76291666666667, 32.925], [120.76291666666667, 32.93], [120.75833333333334, 32.93]]], [[[120.81333333333333, 32.93], [120.81333333333333, 32.925], [120.81791666666666, 32.925], [120.81791666666666, 32.93], [120.81333333333333, 32.93]]], [[[120.89583333333333, 32.93], [120.89583333333333, 32.925], [120.90041666666667, 32.925], [120.90041666666667, 32.93], [120.89583333333333, 32.93]]], [[[120.94166666666666, 32.93], [120.94166666666666, 32.925], [120.94625, 32.925], [120.94625, 32.93], [120.94166666666666, 32.93]]], [[[121.17541666666668, 32.93], [121.17541666666668, 32.925], [121.18, 32.925], [121.18, 32.93], [121.17541666666668, 32.93]]], [[[120.60708333333334, 32.925], [120.60708333333334, 32.92], [120.61166666666666, 32.92], [120.61166666666666, 32.925], [120.60708333333334, 32.925]]], [[[120.62083333333334, 32.925], [120.62083333333334, 32.92], [120.62541666666667, 32.92], [120.62541666666667, 32.925], [120.62083333333334, 32.925]]], [[[120.66666666666667, 32.925], [120.66666666666667, 32.92], [120.67125, 32.92], [120.67125, 32.925], [120.66666666666667, 32.925]]], [[[120.68958333333333, 32.925], [120.68958333333333, 32.92], [120.69416666666666, 32.92], [120.69416666666666, 32.925], [120.68958333333333, 32.925]]], [[[120.76291666666667, 32.925], [120.76291666666667, 32.92], [120.7675, 32.92], [120.7675, 32.925], [120.76291666666667, 32.925]]], [[[121.17083333333333, 32.925], [121.17083333333333, 32.92], [121.17541666666668, 32.92], [121.17541666666668, 32.925], [121.17083333333333, 32.925]]], [[[120.6025, 32.92], [120.6025, 32.915], [120.60708333333334, 32.915], [120.60708333333334, 32.92], [120.6025, 32.92]]], [[[120.84541666666667, 32.92], [120.84541666666667, 32.915], [120.85458333333334, 32.915], [120.85458333333334, 32.92], [120.84541666666667, 32.92]]], [[[120.86375, 32.92], [120.86375, 32.915], [120.86833333333334, 32.915], [120.86833333333334, 32.92], [120.86375, 32.92]]], [[[120.87291666666667, 32.92], [120.87291666666667, 32.915], [120.8775, 32.915], [120.8775, 32.92], [120.87291666666667, 32.92]]], [[[121.00125, 32.92], [121.00125, 32.915], [121.00583333333334, 32.915], [121.00583333333334, 32.92], [121.00125, 32.92]]], [[[120.57041666666666, 32.915], [120.57041666666666, 32.910000000000004], [120.575, 32.910000000000004], [120.575, 32.915], [120.57041666666666, 32.915]]], [[[120.69875, 32.915], [120.69875, 32.910000000000004], [120.70333333333333, 32.910000000000004], [120.70333333333333, 32.915], [120.69875, 32.915]]], [[[120.83166666666666, 32.915], [120.83166666666666, 32.910000000000004], [120.83625, 32.910000000000004], [120.83625, 32.915], [120.83166666666666, 32.915]]], [[[121.01958333333333, 32.915], [121.01958333333333, 32.910000000000004], [121.02416666666667, 32.910000000000004], [121.02416666666667, 32.915], [121.01958333333333, 32.915]]], [[[121.125, 32.915], [121.125, 32.910000000000004], [121.12958333333334, 32.910000000000004], [121.12958333333334, 32.915], [121.125, 32.915]]], [[[121.18, 32.915], [121.18, 32.910000000000004], [121.18916666666667, 32.910000000000004], [121.18916666666667, 32.915], [121.18, 32.915]]], [[[120.56125, 32.910000000000004], [120.56125, 32.905], [120.56583333333333, 32.905], [120.56583333333333, 32.910000000000004], [120.56125, 32.910000000000004]]], [[[120.59791666666666, 32.910000000000004], [120.59791666666666, 32.905], [120.6025, 32.905], [120.6025, 32.910000000000004], [120.59791666666666, 32.910000000000004]]], [[[120.61625, 32.910000000000004], [120.61625, 32.905], [120.62541666666667, 32.905], [120.62541666666667, 32.910000000000004], [120.61625, 32.910000000000004]]], [[[120.81791666666666, 32.910000000000004], [120.81791666666666, 32.905], [120.8225, 32.905], [120.8225, 32.910000000000004], [120.81791666666666, 32.910000000000004]]], [[[120.84541666666667, 32.910000000000004], [120.84541666666667, 32.905], [120.85, 32.905], [120.85, 32.910000000000004], [120.84541666666667, 32.910000000000004]]], [[[121.12041666666667, 32.910000000000004], [121.12041666666667, 32.905], [121.125, 32.905], [121.125, 32.910000000000004], [121.12041666666667, 32.910000000000004]]], [[[120.70791666666666, 32.905], [120.70791666666666, 32.9], [120.7125, 32.9], [120.7125, 32.905], [120.70791666666666, 32.905]]], [[[120.91875, 32.905], [120.91875, 32.9], [120.92333333333333, 32.9], [120.92333333333333, 32.905], [120.91875, 32.905]]], [[[120.94625, 32.905], [120.94625, 32.9], [120.95083333333334, 32.9], [120.95083333333334, 32.905], [120.94625, 32.905]]], [[[120.68958333333333, 32.9], [120.68958333333333, 32.895], [120.69416666666666, 32.895], [120.69416666666666, 32.9], [120.68958333333333, 32.9]]], [[[120.90958333333333, 32.9], [120.90958333333333, 32.895], [120.91416666666667, 32.895], [120.91416666666667, 32.9], [120.90958333333333, 32.9]]], [[[121.06083333333333, 32.9], [121.06083333333333, 32.895], [121.06541666666666, 32.895], [121.06541666666666, 32.9], [121.06083333333333, 32.9]]], [[[120.64833333333333, 32.895], [120.64833333333333, 32.89], [120.65291666666667, 32.89], [120.65291666666667, 32.895], [120.64833333333333, 32.895]]], [[[120.67125, 32.895], [120.67125, 32.89], [120.67583333333333, 32.89], [120.67583333333333, 32.895], [120.67125, 32.895]]], [[[121.015, 32.895], [121.015, 32.89], [121.01958333333333, 32.89], [121.01958333333333, 32.895], [121.015, 32.895]]], [[[121.07916666666667, 32.895], [121.07916666666667, 32.89], [121.08375000000001, 32.89], [121.08375000000001, 32.895], [121.07916666666667, 32.895]]], [[[121.08833333333334, 32.895], [121.08833333333334, 32.89], [121.09291666666667, 32.89], [121.09291666666667, 32.895], [121.08833333333334, 32.895]]], [[[121.0975, 32.895], [121.0975, 32.89], [121.10208333333334, 32.89], [121.10208333333334, 32.895], [121.0975, 32.895]]], [[[120.58875, 32.89], [120.58875, 32.885], [120.59333333333333, 32.885], [120.59333333333333, 32.89], [120.58875, 32.89]]], [[[120.60708333333334, 32.89], [120.60708333333334, 32.885], [120.61166666666666, 32.885], [120.61166666666666, 32.89], [120.60708333333334, 32.89]]], [[[120.73083333333334, 32.89], [120.73083333333334, 32.885], [120.73541666666667, 32.885], [120.73541666666667, 32.89], [120.73083333333334, 32.89]]], [[[120.86375, 32.89], [120.86375, 32.885], [120.86833333333334, 32.885], [120.86833333333334, 32.89], [120.86375, 32.89]]], [[[120.69416666666666, 32.885], [120.69416666666666, 32.88], [120.69875, 32.88], [120.69875, 32.885], [120.69416666666666, 32.885]]], [[[120.89125, 32.885], [120.89125, 32.88], [120.89583333333333, 32.88], [120.89583333333333, 32.885], [120.89125, 32.885]]], [[[120.905, 32.885], [120.905, 32.88], [120.90958333333333, 32.88], [120.90958333333333, 32.885], [120.905, 32.885]]], [[[120.94166666666666, 32.885], [120.94166666666666, 32.88], [120.94625, 32.88], [120.94625, 32.885], [120.94166666666666, 32.885]]], [[[121.015, 32.885], [121.015, 32.88], [121.01958333333333, 32.88], [121.01958333333333, 32.885], [121.015, 32.885]]], [[[120.5475, 32.88], [120.5475, 32.875], [120.55208333333333, 32.875], [120.55208333333333, 32.88], [120.5475, 32.88]]], [[[120.56583333333333, 32.88], [120.56583333333333, 32.875], [120.575, 32.875], [120.575, 32.88], [120.56583333333333, 32.88]]], [[[120.82708333333333, 32.88], [120.82708333333333, 32.875], [120.83166666666666, 32.875], [120.83166666666666, 32.88], [120.82708333333333, 32.88]]], [[[120.93708333333333, 32.88], [120.93708333333333, 32.875], [120.94166666666666, 32.875], [120.94166666666666, 32.88], [120.93708333333333, 32.88]]], [[[120.83166666666666, 32.875], [120.83166666666666, 32.87], [120.83625, 32.87], [120.83625, 32.875], [120.83166666666666, 32.875]]], [[[121.00125, 32.875], [121.00125, 32.87], [121.00583333333334, 32.87], [121.00583333333334, 32.875], [121.00125, 32.875]]], [[[121.12958333333334, 32.875], [121.12958333333334, 32.87], [121.13416666666667, 32.87], [121.13416666666667, 32.875], [121.12958333333334, 32.875]]], [[[121.13875, 32.875], [121.13875, 32.87], [121.14333333333333, 32.87], [121.14333333333333, 32.875], [121.13875, 32.875]]], [[[120.88208333333334, 32.875], [120.88208333333334, 32.865], [120.88666666666667, 32.865], [120.88666666666667, 32.875], [120.88208333333334, 32.875]]], [[[120.61166666666666, 32.87], [120.61166666666666, 32.865], [120.61625, 32.865], [120.61625, 32.87], [120.61166666666666, 32.87]]], [[[121.07916666666667, 32.87], [121.07916666666667, 32.865], [121.08375000000001, 32.865], [121.08375000000001, 32.87], [121.07916666666667, 32.87]]], [[[120.56583333333333, 32.87], [120.56583333333333, 32.86], [120.57041666666666, 32.86], [120.57041666666666, 32.87], [120.56583333333333, 32.87]]], [[[120.58416666666666, 32.865], [120.58416666666666, 32.86], [120.58875, 32.86], [120.58875, 32.865], [120.58416666666666, 32.865]]], [[[120.89125, 32.865], [120.89125, 32.86], [120.89583333333333, 32.86], [120.89583333333333, 32.865], [120.89125, 32.865]]], [[[121.06083333333333, 32.865], [121.06083333333333, 32.86], [121.06541666666666, 32.86], [121.06541666666666, 32.865], [121.06083333333333, 32.865]]], [[[120.63, 32.86], [120.63, 32.855000000000004], [120.63458333333334, 32.855000000000004], [120.63458333333334, 32.86], [120.63, 32.86]]], [[[120.72166666666666, 32.86], [120.72166666666666, 32.855000000000004], [120.72625000000001, 32.855000000000004], [120.72625000000001, 32.86], [120.72166666666666, 32.86]]], [[[120.9875, 32.86], [120.9875, 32.855000000000004], [120.99208333333334, 32.855000000000004], [120.99208333333334, 32.86], [120.9875, 32.86]]], [[[121.06541666666666, 32.86], [121.06541666666666, 32.855000000000004], [121.07000000000001, 32.855000000000004], [121.07000000000001, 32.86], [121.06541666666666, 32.86]]], [[[120.77666666666667, 32.86], [120.77666666666667, 32.85], [120.78125, 32.85], [120.78125, 32.86], [120.77666666666667, 32.86]]], [[[120.65291666666667, 32.855000000000004], [120.65291666666667, 32.85], [120.6575, 32.85], [120.6575, 32.855000000000004], [120.65291666666667, 32.855000000000004]]], [[[120.66208333333333, 32.855000000000004], [120.66208333333333, 32.85], [120.66666666666667, 32.85], [120.66666666666667, 32.855000000000004], [120.66208333333333, 32.855000000000004]]], [[[120.74458333333334, 32.855000000000004], [120.74458333333334, 32.85], [120.74916666666667, 32.85], [120.74916666666667, 32.855000000000004], [120.74458333333334, 32.855000000000004]]], [[[120.91875, 32.855000000000004], [120.91875, 32.85], [120.92333333333333, 32.85], [120.92333333333333, 32.855000000000004], [120.91875, 32.855000000000004]]], [[[121.07000000000001, 32.855000000000004], [121.07000000000001, 32.85], [121.07458333333334, 32.85], [121.07458333333334, 32.855000000000004], [121.07000000000001, 32.855000000000004]]], [[[120.8225, 32.85], [120.8225, 32.845], [120.82708333333333, 32.845], [120.82708333333333, 32.85], [120.8225, 32.85]]], [[[120.85458333333334, 32.85], [120.85458333333334, 32.845], [120.85916666666667, 32.845], [120.85916666666667, 32.85], [120.85458333333334, 32.85]]], [[[121.10208333333334, 32.85], [121.10208333333334, 32.845], [121.10666666666667, 32.845], [121.10666666666667, 32.85], [121.10208333333334, 32.85]]], [[[120.57958333333333, 32.845], [120.57958333333333, 32.84], [120.58416666666666, 32.84], [120.58416666666666, 32.845], [120.57958333333333, 32.845]]], [[[120.69416666666666, 32.845], [120.69416666666666, 32.84], [120.69875, 32.84], [120.69875, 32.845], [120.69416666666666, 32.845]]], [[[120.88208333333334, 32.845], [120.88208333333334, 32.84], [120.88666666666667, 32.84], [120.88666666666667, 32.845], [120.88208333333334, 32.845]]], [[[121.00125, 32.845], [121.00125, 32.84], [121.00583333333334, 32.84], [121.00583333333334, 32.845], [121.00125, 32.845]]], [[[121.125, 32.845], [121.125, 32.84], [121.12958333333334, 32.84], [121.12958333333334, 32.845], [121.125, 32.845]]], [[[120.77208333333333, 32.84], [120.77208333333333, 32.835], [120.78125, 32.835], [120.78125, 32.84], [120.77208333333333, 32.84]]], [[[120.82708333333333, 32.84], [120.82708333333333, 32.835], [120.83166666666666, 32.835], [120.83166666666666, 32.84], [120.82708333333333, 32.84]]], [[[120.97833333333334, 32.84], [120.97833333333334, 32.835], [120.98291666666667, 32.835], [120.98291666666667, 32.84], [120.97833333333334, 32.84]]], [[[120.75833333333334, 32.835], [120.75833333333334, 32.83], [120.76291666666667, 32.83], [120.76291666666667, 32.835], [120.75833333333334, 32.835]]], [[[120.78583333333333, 32.835], [120.78583333333333, 32.83], [120.79041666666667, 32.83], [120.79041666666667, 32.835], [120.78583333333333, 32.835]]], [[[121.0425, 32.835], [121.0425, 32.83], [121.05166666666668, 32.83], [121.05166666666668, 32.835], [121.0425, 32.835]]], [[[120.63916666666667, 32.83], [120.63916666666667, 32.825], [120.64375, 32.825], [120.64375, 32.83], [120.63916666666667, 32.83]]], [[[120.65291666666667, 32.83], [120.65291666666667, 32.825], [120.6575, 32.825], [120.6575, 32.83], [120.65291666666667, 32.83]]], [[[120.80416666666667, 32.83], [120.80416666666667, 32.825], [120.80875, 32.825], [120.80875, 32.83], [120.80416666666667, 32.83]]], [[[120.8775, 32.83], [120.8775, 32.825], [120.88208333333334, 32.825], [120.88208333333334, 32.83], [120.8775, 32.83]]], [[[120.905, 32.83], [120.905, 32.825], [120.90958333333333, 32.825], [120.90958333333333, 32.83], [120.905, 32.83]]], [[[120.99208333333334, 32.83], [120.99208333333334, 32.825], [120.99666666666667, 32.825], [120.99666666666667, 32.83], [120.99208333333334, 32.83]]], [[[121.03791666666667, 32.83], [121.03791666666667, 32.825], [121.0425, 32.825], [121.0425, 32.83], [121.03791666666667, 32.83]]], [[[120.74, 32.825], [120.74, 32.82], [120.74458333333334, 32.82], [120.74458333333334, 32.825], [120.74, 32.825]]], [[[121.02416666666667, 32.825], [121.02416666666667, 32.82], [121.02875, 32.82], [121.02875, 32.825], [121.02416666666667, 32.825]]], [[[121.08833333333334, 32.825], [121.08833333333334, 32.82], [121.09291666666667, 32.82], [121.09291666666667, 32.825], [121.08833333333334, 32.825]]], [[[120.64833333333333, 32.82], [120.64833333333333, 32.815], [120.65291666666667, 32.815], [120.65291666666667, 32.82], [120.64833333333333, 32.82]]], [[[120.66666666666667, 32.82], [120.66666666666667, 32.815], [120.67125, 32.815], [120.67125, 32.82], [120.66666666666667, 32.82]]], [[[120.96000000000001, 32.82], [120.96000000000001, 32.815], [120.96458333333334, 32.815], [120.96458333333334, 32.82], [120.96000000000001, 32.82]]], [[[120.77208333333333, 32.815], [120.77208333333333, 32.81], [120.77666666666667, 32.81], [120.77666666666667, 32.815], [120.77208333333333, 32.815]]], [[[120.86375, 32.815], [120.86375, 32.81], [120.87291666666667, 32.81], [120.87291666666667, 32.815], [120.86375, 32.815]]], [[[120.905, 32.815], [120.905, 32.81], [120.90958333333333, 32.81], [120.90958333333333, 32.815], [120.905, 32.815]]], [[[120.94166666666666, 32.815], [120.94166666666666, 32.81], [120.94625, 32.81], [120.94625, 32.815], [120.94166666666666, 32.815]]], [[[120.69875, 32.81], [120.69875, 32.805], [120.70333333333333, 32.805], [120.70333333333333, 32.81], [120.69875, 32.81]]], [[[120.74, 32.81], [120.74, 32.805], [120.74916666666667, 32.805], [120.74916666666667, 32.81], [120.74, 32.81]]], [[[120.84083333333334, 32.81], [120.84083333333334, 32.805], [120.84541666666667, 32.805], [120.84541666666667, 32.81], [120.84083333333334, 32.81]]], [[[120.97833333333334, 32.81], [120.97833333333334, 32.805], [120.98291666666667, 32.805], [120.98291666666667, 32.81], [120.97833333333334, 32.81]]], [[[121.02875, 32.805], [121.02875, 32.8], [121.03333333333333, 32.8], [121.03333333333333, 32.805], [121.02875, 32.805]]], [[[120.95083333333334, 32.795], [120.95083333333334, 32.79], [120.95541666666666, 32.79], [120.95541666666666, 32.795], [120.95083333333334, 32.795]]], [[[120.9325, 32.79], [120.9325, 32.785000000000004], [120.93708333333333, 32.785000000000004], [120.93708333333333, 32.79], [120.9325, 32.79]]], [[[120.74458333333334, 32.785000000000004], [120.74458333333334, 32.78], [120.74916666666667, 32.78], [120.74916666666667, 32.785000000000004], [120.74458333333334, 32.785000000000004]]], [[[120.91416666666667, 32.785000000000004], [120.91416666666667, 32.78], [120.91875, 32.78], [120.91875, 32.785000000000004], [120.91416666666667, 32.785000000000004]]], [[[120.93708333333333, 32.785000000000004], [120.93708333333333, 32.78], [120.94166666666666, 32.78], [120.94166666666666, 32.785000000000004], [120.93708333333333, 32.785000000000004]]], [[[121.00583333333334, 32.785000000000004], [121.00583333333334, 32.78], [121.01041666666667, 32.78], [121.01041666666667, 32.785000000000004], [121.00583333333334, 32.785000000000004]]], [[[120.85916666666667, 32.785000000000004], [120.85916666666667, 32.775], [120.86375, 32.775], [120.86375, 32.785000000000004], [120.85916666666667, 32.785000000000004]]], [[[120.79041666666667, 32.78], [120.79041666666667, 32.775], [120.795, 32.775], [120.795, 32.78], [120.79041666666667, 32.78]]], [[[120.84083333333334, 32.775], [120.84083333333334, 32.77], [120.84541666666667, 32.77], [120.84541666666667, 32.775], [120.84083333333334, 32.775]]], [[[120.905, 32.775], [120.905, 32.765], [120.90958333333333, 32.765], [120.90958333333333, 32.775], [120.905, 32.775]]], [[[120.95083333333334, 32.77], [120.95083333333334, 32.765], [120.95541666666666, 32.765], [120.95541666666666, 32.77], [120.95083333333334, 32.77]]], [[[120.87291666666667, 32.77], [120.87291666666667, 32.76], [120.8775, 32.76], [120.8775, 32.77], [120.87291666666667, 32.77]]], [[[120.80875, 32.765], [120.80875, 32.76], [120.81333333333333, 32.76], [120.81333333333333, 32.765], [120.80875, 32.765]]]]}, "properties": {"class": "gain", "class_code": 1, "pixels": 477, "synthetic": true}}]}